,Diameter,Renovated_Losses_W,Renovated_Length_m,Booster_Losses_W,Booster_Length_m,Losses_Diff_W,Length_Diff_m,Renovated_Length_km,Booster_Length_km,Length_Diff_km
0,0.01,3835.734,1607.6,73.68,30.88,-3762.054,-1576.7199999999998,1.6076,0.030879999999999998,-1.57672
1,0.011,1089.908,381.22,1615.022,564.89,525.114,183.66999999999996,0.38122,0.56489,0.18366999999999997
2,0.012,3371.7,1024.21,940.689,285.75,-2431.011,-738.46,1.02421,0.28575,-0.73846
3,0.013,2661.598,721.3,1102.904,298.89,-1558.694,-422.40999999999997,0.7212999999999999,0.29889,-0.42240999999999995
4,0.014,489.192,120.55000000000001,2025.5910000000001,499.16,1536.3990000000001,378.61,0.12055000000000002,0.49916000000000005,0.37861
5,0.015,2817.522,640.2,2270.608,515.93,-546.9139999999998,-124.2700000000001,0.6402,0.51593,-0.12427000000000009
6,0.016,3786.052,801.79,2846.232,602.76,-939.8200000000002,-199.02999999999997,0.80179,0.60276,-0.19902999999999998
7,0.017,4149.25,826.05,4797.867,955.18,648.6170000000002,129.13,0.82605,0.9551799999999999,0.12913
8,0.018,2455.283,462.65,3182.877,599.75,727.594,137.10000000000002,0.46264999999999995,0.59975,0.13710000000000003
9,0.019,3295.807,591.07,5633.936,1010.39,2338.129,419.31999999999994,0.5910700000000001,1.01039,0.4193199999999999
10,0.02,9556.251,1638.8700000000001,4682.584,803.05,-4873.667,-835.8200000000002,1.63887,0.8030499999999999,-0.8358200000000001
11,0.021,5420.62,892.43,6676.542,1099.2,1255.9220000000005,206.7700000000001,0.89243,1.0992,0.2067700000000001
12,0.022,9440.288,1497.27,5361.143,850.3,-4079.1450000000004,-646.97,1.4972699999999999,0.8503,-0.64697
13,0.023,5902.375,904.4399999999999,8831.115,1353.22,2928.74,448.7800000000001,0.9044399999999999,1.35322,0.44878000000000007
14,0.024,8435.6,1252.13,9631.416,1429.63,1195.815999999999,177.5,1.2521300000000002,1.4296300000000002,0.1775
15,0.025,8007.233,1153.78,8852.177,1275.53,844.9439999999995,121.75,1.15378,1.27553,0.12175
16,0.026,10477.461,1468.46,8461.039,1185.85,-2016.4219999999987,-282.6100000000001,1.46846,1.1858499999999998,-0.28261000000000014
17,0.027,11722.363,1600.76,8752.01,1195.14,-2970.352999999999,-405.6199999999999,1.60076,1.19514,-0.40561999999999987
18,0.028,8512.689,1134.42,13724.815,1829.0,5212.126,694.5799999999999,1.13442,1.829,0.69458
19,0.029,11950.039999999999,1556.4,12530.646999999999,1632.02,580.607,75.61999999999989,1.5564,1.63202,0.0756199999999999
20,0.03,18092.513,2305.66,11155.688,1421.65,-6936.824999999999,-884.0099999999998,2.30566,1.42165,-0.8840099999999997
21,0.031,16223.773000000001,2025.44,9612.803,1200.1,-6610.970000000001,-825.3400000000001,2.02544,1.2001,-0.8253400000000002
22,0.032,8983.534,1099.98,11915.817000000001,1459.02,2932.2830000000013,359.03999999999996,1.09998,1.45902,0.35903999999999997
23,0.033,9826.417,1181.06,8442.052,1014.6700000000001,-1384.3649999999998,-166.38999999999987,1.18106,1.0146700000000002,-0.16638999999999987
24,0.034,7455.856,880.37,13211.387,1559.97,5755.531000000001,679.6,0.88037,1.55997,0.6796
25,0.035,3783.518,439.28,12163.624,1412.24,8380.106,972.96,0.43927999999999995,1.41224,0.97296
26,0.036,6229.245,711.67,7200.479,822.63,971.2340000000004,110.96000000000004,0.7116699999999999,0.82263,0.11096000000000003
27,0.037,7767.741,873.86,9612.210000000001,1081.36,1844.469000000001,207.4999999999999,0.87386,1.0813599999999999,0.20749999999999988
28,0.038,6254.321,693.23,10299.787,1141.63,4045.4660000000003,448.4000000000001,0.69323,1.1416300000000001,0.4484000000000001
29,0.039,7686.841,840.0,11693.693,1277.86,4006.851999999999,437.8599999999999,0.84,1.27786,0.4378599999999999
30,0.04,10539.695,1136.11,9902.084,1067.38,-637.610999999999,-68.72999999999979,1.13611,1.0673800000000002,-0.06872999999999979
31,0.041,11887.762999999999,1264.79,7974.581999999999,848.4499999999999,-3913.1809999999996,-416.34000000000003,1.2647899999999999,0.8484499999999999,-0.41634000000000004
32,0.042,10357.053,1088.04,10581.604,1111.63,224.55099999999948,23.590000000000146,1.08804,1.1116300000000001,0.023590000000000146
33,0.043,7684.229,797.45,15766.709,1636.23,8082.4800000000005,838.78,0.79745,1.63623,0.83878
34,0.044,7612.215,780.74,9058.919,929.12,1446.7039999999997,148.38,0.78074,0.9291200000000001,0.14837999999999998
35,0.045,10052.536,1019.3199999999999,10049.376,1019.0,-3.1599999999998545,-0.31999999999993634,1.01932,1.019,-0.00031999999999993633
36,0.046,8228.17,825.21,8651.039999999999,867.62,422.869999999999,42.40999999999997,0.82521,0.8676200000000001,0.04240999999999997
37,0.047,10354.945,1027.48,6660.9529999999995,660.9399999999999,-3693.992,-366.5400000000001,1.02748,0.66094,-0.3665400000000001
38,0.048,9035.478,887.31,8316.048999999999,816.66,-719.4290000000001,-70.64999999999998,0.8873099999999999,0.8166599999999999,-0.07064999999999998
39,0.049,3635.849,353.51,4882.392,474.71000000000004,1246.5429999999997,121.20000000000005,0.35351,0.47471,0.12120000000000004
40,0.05,5741.174,552.78,4068.717,391.75,-1672.4569999999999,-161.02999999999997,0.5527799999999999,0.39175,-0.16102999999999998
41,0.051,4131.221,394.05,7325.067,698.69,3193.8460000000005,304.64000000000004,0.39405,0.69869,0.30464
42,0.052,8285.452,783.05,4500.947,425.38,-3784.504999999999,-357.66999999999996,0.7830499999999999,0.42538,-0.35766999999999993
43,0.053,5285.193,495.1,4077.637,381.98,-1207.556,-113.12,0.49510000000000004,0.38198000000000004,-0.11312
44,0.054,8222.876,763.64,5712.531,530.51,-2510.3450000000003,-233.13,0.76364,0.53051,-0.23313
45,0.055,2734.656,251.81,2176.996,200.45999999999998,-557.6599999999999,-51.35000000000002,0.25181,0.20045999999999997,-0.05135000000000002
46,0.056,11147.068,1018.09,4105.437,374.96,-7041.630999999999,-643.1300000000001,1.01809,0.37495999999999996,-0.6431300000000001
47,0.057,5286.724,479.0,3544.423,321.14,-1742.3010000000004,-157.86,0.479,0.32114,-0.15786
48,0.058,9715.036,873.34,6994.993,628.8199999999999,-2720.0429999999997,-244.5200000000001,0.87334,0.6288199999999999,-0.2445200000000001
49,0.059,4413.374,393.77,6415.46,572.4,2002.0860000000002,178.63,0.39377,0.5724,0.17862999999999998
50,0.06,3441.689,304.79,2977.474,263.68,-464.2149999999997,-41.110000000000014,0.30479,0.26368,-0.041110000000000015
51,0.061,4752.398999999999,417.83,2481.807,218.2,-2270.5919999999996,-199.63,0.41783,0.21819999999999998,-0.19963
52,0.062,3062.494,267.35,13217.238,1153.84,10154.743999999999,886.4899999999999,0.26735000000000003,1.15384,0.8864899999999999
53,0.063,2728.7200000000003,236.56,5134.92,445.16,2406.2,208.60000000000002,0.23656,0.44516,0.20860000000000004
54,0.064,602.947,51.92,7370.655,634.6899999999999,6767.708,582.77,0.05192,0.63469,0.58277
55,0.065,816.43,69.84,4202.437,359.49,3386.007,289.65,0.06984,0.35949000000000003,0.28964999999999996
56,0.066,1846.9089999999999,156.97,4284.471,364.14,2437.562,207.17,0.15697,0.36413999999999996,0.20717
57,0.067,7194.355,607.58,3769.581,318.35,-3424.7739999999994,-289.23,0.60758,0.31835,-0.28923000000000004
58,0.068,1129.924,94.84,2562.225,215.06,1432.301,120.22,0.09484000000000001,0.21506,0.12022
59,0.069,11757.57,980.86,3682.886,307.24,-8074.683999999999,-673.62,0.9808600000000001,0.30724,-0.67362
60,0.07,2426.9139999999998,201.26999999999998,1611.552,133.65,-815.3619999999999,-67.61999999999998,0.20126999999999998,0.13365000000000002,-0.06761999999999997
61,0.071,2856.1369999999997,235.48,7764.014999999999,640.12,4907.878,404.64,0.23548,0.64012,0.40464
62,0.072,1009.628,82.77,3966.424,325.16999999999996,2956.796,242.39999999999998,0.08277,0.32516999999999996,0.24239999999999998
63,0.073,6322.657999999999,515.4200000000001,1730.628,141.08,-4592.03,-374.34000000000003,0.5154200000000001,0.14108,-0.37434
64,0.074,2919.581,236.71,5107.88,414.13,2188.299,177.42,0.23671,0.41413,0.17742
65,0.075,5622.613,453.4,3118.603,251.48000000000002,-2504.01,-201.91999999999996,0.45339999999999997,0.25148000000000004,-0.20191999999999996
66,0.076,285.494,22.9,6337.974,508.38,6052.4800000000005,485.48,0.0229,0.5083799999999999,0.48548
67,0.077,5017.437,400.37,2003.115,159.84,-3014.322,-240.53,0.40037,0.15984,-0.24053
68,0.079,4540.784,358.70000000000005,1227.417,96.96,-3313.3669999999997,-261.74000000000007,0.3587,0.09695999999999999,-0.2617400000000001
69,0.08,651.748,51.23,2563.737,201.52,1911.989,150.29000000000002,0.05123,0.20152,0.15029
70,0.081,3112.009,243.43,4731.614,370.12,1619.6049999999996,126.69,0.24343,0.37012,0.12669
71,0.082,4166.148,324.34000000000003,8827.470000000001,687.23,4661.322000000001,362.89,0.32434,0.68723,0.36289
72,0.083,4217.226,326.78999999999996,2648.6220000000003,205.24,-1568.6039999999994,-121.54999999999995,0.32678999999999997,0.20524,-0.12154999999999995
73,0.084,1874.351,144.57,0.0,0.0,-1874.351,-144.57,0.14457,0.0,-0.14457
74,0.086,0.0,0.0,3380.9120000000003,258.44,3380.9120000000003,258.44,0.0,0.25844,0.25844
75,0.087,0.0,0.0,6744.249,513.3,6744.249,513.3,0.0,0.5133,0.5133
76,0.088,4584.026,347.38,0.0,0.0,-4584.026,-347.38,0.34738,0.0,-0.34738
77,0.089,1261.988,95.23,2574.334,194.26,1312.3459999999998,99.02999999999999,0.09523000000000001,0.19426,0.09902999999999999
78,0.09,2585.018,194.26,345.982,26.0,-2239.036,-168.26,0.19426,0.026,-0.16826
79,0.091,0.0,0.0,702.174,52.55,702.174,52.55,0.0,0.05255,0.05255
80,0.092,550.231,41.01,0.0,0.0,-550.231,-41.01,0.04101,0.0,-0.04101
81,0.094,2336.812,172.79,4838.210999999999,357.75,2501.3989999999994,184.96,0.17279,0.35775,0.18496
82,0.095,0.0,0.0,3629.001,267.31,3629.001,267.31,0.0,0.26731,0.26731
83,0.096,174.438,12.8,246.122,18.06,71.68400000000003,5.259999999999998,0.0128,0.01806,0.005259999999999998
84,0.097,543.78,39.75,332.287,24.29,-211.493,-15.46,0.03975,0.02429,-0.015460000000000002
85,0.098,2278.248,165.92000000000002,1137.476,82.84,-1140.772,-83.08000000000001,0.16592,0.08284,-0.08308000000000001
86,0.101,337.169,24.29,1321.193,95.18,984.024,70.89000000000001,0.02429,0.09518,0.07089000000000001
87,0.102,2223.367,159.61,2752.429,197.58999999999997,529.0619999999999,37.97999999999996,0.15961,0.19759,0.03797999999999996
88,0.104,697.934,49.76,0.0,0.0,-697.934,-49.76,0.04976,0.0,-0.04976
89,0.105,2603.127,184.96,0.0,0.0,-2603.127,-184.96,0.18496,0.0,-0.18496
90,0.106,3504.8320000000003,248.2,0.0,0.0,-3504.8320000000003,-248.2,0.24819999999999998,0.0,-0.24819999999999998
91,0.109,506.373,35.51,2004.528,140.57,1498.155,105.06,0.03551,0.14057,0.10506
92,0.11,6778.711,473.87,0.0,0.0,-6778.711,-473.87,0.47387,0.0,-0.47387
93,0.111,0.0,0.0,4235.546,295.16,4235.546,295.16,0.0,0.29516000000000003,0.29516000000000003
94,0.112,671.959,46.68,3013.881,209.37,2341.922,162.69,0.04668,0.20937,0.16269
95,0.113,1859.166,128.76,7432.475,514.75,5573.309,385.99,0.12875999999999999,0.51475,0.38599
96,0.115,4417.792,304.13,0.0,0.0,-4417.792,-304.13,0.30413,0.0,-0.30413
97,0.116,0.0,0.0,680.081,46.68,680.081,46.68,0.0,0.04668,0.04668
98,0.118,1899.451,129.62,4273.839,291.65,2374.388,162.02999999999997,0.12962,0.29164999999999996,0.16202999999999998
99,0.119,7564.766,514.75,0.0,0.0,-7564.766,-514.75,0.51475,0.0,-0.51475
100,0.12,0.0,0.0,3475.721,235.85000000000002,3475.721,235.85000000000002,0.0,0.23585000000000003,0.23585000000000003
101,0.121,2093.002,141.62,1438.883,97.36,-654.1189999999999,-44.260000000000005,0.14162,0.09736,-0.04426000000000001
102,0.122,0.0,0.0,1908.223,128.76,1908.223,128.76,0.0,0.12875999999999999,0.12875999999999999
103,0.126,1694.538,113.12,0.0,0.0,-1694.538,-113.12,0.11312,0.0,-0.11312
104,0.127,677.057,45.08,0.0,0.0,-677.057,-45.08,0.045079999999999995,0.0,-0.045079999999999995
105,0.128,0.0,0.0,678.815,45.08,678.815,45.08,0.0,0.045079999999999995,0.045079999999999995
106,0.129,2446.167,162.03,0.0,0.0,-2446.167,-162.03,0.16203,0.0,-0.16203
107,0.13,0.0,0.0,2143.419,141.62,2143.419,141.62,0.0,0.14162,0.14162
108,0.134,981.361,64.2,7075.277,462.86,6093.916,398.66,0.06420000000000001,0.46286,0.39866
109,0.136,0.0,0.0,1243.238,80.94,1243.238,80.94,0.0,0.08094,0.08094
110,0.137,4396.174,285.54,0.0,0.0,-4396.174,-285.54,0.28554,0.0,-0.28554
111,0.138,1395.824,90.45,0.0,0.0,-1395.824,-90.45,0.09045,0.0,-0.09045
112,0.139,0.0,0.0,2390.425,154.54,2390.425,154.54,0.0,0.15453999999999998,0.15453999999999998
113,0.142,1260.56,80.94,4534.993,291.19,3274.4330000000004,210.25,0.08094,0.29119,0.21025
114,0.143,0.0,0.0,5290.358,338.93,5290.358,338.93,0.0,0.33893,0.33893
115,0.144,5302.221,338.93,0.0,0.0,-5302.221,-338.93,0.33893,0.0,-0.33893
116,0.145,0.0,0.0,1418.075,90.45,1418.075,90.45,0.0,0.09045,0.09045
117,0.146,6269.245,399.01,0.0,0.0,-6269.245,-399.01,0.39901,0.0,-0.39901
118,0.149,738.783,46.72,0.0,0.0,-738.783,-46.72,0.04672,0.0,-0.04672
119,0.15,5764.0289999999995,363.73,0.0,0.0,-5764.0289999999995,-363.73,0.36373,0.0,-0.36373
120,0.154,0.0,0.0,5811.314,363.73,5811.314,363.73,0.0,0.36373,0.36373
121,0.161,0.0,0.0,1282.234,79.16,1282.234,79.16,0.0,0.07916,0.07916
122,0.163,1287.142,79.16,0.0,0.0,-1287.142,-79.16,0.07916,0.0,-0.07916
123,0.168,339.687,20.7,339.687,20.7,0.0,0.0,0.0207,0.0207,0.0
124,0.173,1088.391,65.74,1088.391,65.74,0.0,0.0,0.06573999999999999,0.06573999999999999,0.0
125,0.184,0.0,0.0,4636.544,274.97,4636.544,274.97,0.0,0.27497000000000005,0.27497000000000005
126,0.186,4651.392,274.97,0.0,0.0,-4651.392,-274.97,0.27497000000000005,0.0,-0.27497000000000005
127,0.191,601.794,35.3,0.0,0.0,-601.794,-35.3,0.0353,0.0,-0.0353
128,0.192,0.0,0.0,346.944,20.32,346.944,20.32,0.0,0.02032,0.02032
129,0.193,5501.241,321.71,0.0,0.0,-5501.241,-321.71,0.32171,0.0,-0.32171
130,0.194,7679.707,448.45,604.512,35.3,-7075.195000000001,-413.15,0.44845,0.0353,-0.41314999999999996
131,0.197,0.0,0.0,2614.876,152.01,2614.876,152.01,0.0,0.15200999999999998,0.15200999999999998
132,0.199,0.0,0.0,5004.287,290.07,5004.287,290.07,0.0,0.29007,0.29007
133,0.2,0.0,0.0,2232.533,129.22,2232.533,129.22,0.0,0.12922,0.12922
134,0.201,0.0,0.0,3088.921,178.54,3088.921,178.54,0.0,0.17854,0.17854
135,0.225,0.0,0.0,799.146,44.74,799.146,44.74,0.0,0.04474,0.04474
136,0.226,0.0,0.0,4190.221,234.3,4190.221,234.3,0.0,0.2343,0.2343
137,0.229,803.083,44.74,0.0,0.0,-803.083,-44.74,0.04474,0.0,-0.04474
138,0.23,4210.605,234.3,0.0,0.0,-4210.605,-234.3,0.2343,0.0,-0.2343
139,0.237,0.0,0.0,829.171,45.76,829.171,45.76,0.0,0.045759999999999995,0.045759999999999995
140,0.24,0.0,0.0,3062.563,168.43,3062.563,168.43,0.0,0.16843,0.16843
141,0.241,833.015,45.76,0.0,0.0,-833.015,-45.76,0.045759999999999995,0.0,-0.045759999999999995
142,0.245,3079.743,168.43,0.0,0.0,-3079.743,-168.43,0.16843,0.0,-0.16843
143,0.246,0.0,0.0,3412.0559999999996,186.39000000000001,3412.0559999999996,186.39000000000001,0.0,0.18639000000000003,0.18639000000000003
144,0.253,3437.963,186.39000000000001,566.446,30.71,-2871.5170000000003,-155.68,0.18639000000000003,0.03071,-0.15568
145,0.254,0.0,0.0,421.741,22.84,421.741,22.84,0.0,0.02284,0.02284
146,0.26,570.623,30.71,0.0,0.0,-570.623,-30.71,0.03071,0.0,-0.03071
147,0.262,425.258,22.84,0.0,0.0,-425.258,-22.84,0.02284,0.0,-0.02284
148,0.267,0.0,0.0,4075.692,217.79999999999998,4075.692,217.79999999999998,0.0,0.2178,0.2178
149,0.268,0.0,0.0,1822.152,97.28,1822.152,97.28,0.0,0.09728,0.09728
150,0.276,4111.628000000001,217.79999999999998,3477.894,184.23,-633.7340000000008,-33.56999999999999,0.2178,0.18422999999999998,-0.033569999999999996
151,0.277,1838.203,97.28,0.0,0.0,-1838.203,-97.28,0.09728,0.0,-0.09728
152,0.279,0.0,0.0,1586.228,83.79,1586.228,83.79,0.0,0.08379,0.08379
153,0.28,0.0,0.0,982.316,51.84,982.316,51.84,0.0,0.051840000000000004,0.051840000000000004
154,0.281,0.0,0.0,1783.467,94.03,1783.467,94.03,0.0,0.09403,0.09403
155,0.282,0.0,0.0,1738.646,91.58,1738.646,91.58,0.0,0.09158,0.09158
156,0.283,3500.738,184.23,0.0,0.0,-3500.738,-184.23,0.18422999999999998,0.0,-0.18422999999999998
157,0.286,1596.618,83.79,0.0,0.0,-1596.618,-83.79,0.08379,0.0,-0.08379
158,0.287,988.692,51.84,3585.536,188.0,2596.844,136.16,0.051840000000000004,0.188,0.13616
159,0.288,1794.939,94.03,0.0,0.0,-1794.939,-94.03,0.09403,0.0,-0.09403
160,0.29,1751.376,91.58,0.0,0.0,-1751.376,-91.58,0.09158,0.0,-0.09158
161,0.293,0.0,0.0,5969.561,311.32,5969.561,311.32,0.0,0.31132,0.31132
162,0.295,3611.292,188.0,2012.143,104.75,-1599.149,-83.25,0.188,0.10475,-0.08325
163,0.3,6005.985,311.32,0.0,0.0,-6005.985,-311.32,0.31132,0.0,-0.31132
164,0.303,2026.074,104.75,0.0,0.0,-2026.074,-104.75,0.10475,0.0,-0.10475
165,0.31,0.0,0.0,4684.18,240.77,4684.18,240.77,0.0,0.24077,0.24077
166,0.317,4710.906,240.77,0.0,0.0,-4710.906,-240.77,0.24077,0.0,-0.24077
167,0.318,0.0,0.0,5097.39,260.31,5097.39,260.31,0.0,0.26031,0.26031
168,0.325,5125.504,260.31,0.0,0.0,-5125.504,-260.31,0.26031,0.0,-0.26031
169,0.348,0.0,0.0,2596.689,129.64,2596.689,129.64,0.0,0.12963999999999998,0.12963999999999998
170,0.349,0.0,0.0,880.733,43.94,880.733,43.94,0.0,0.04394,0.04394
171,0.35,2600.319,129.64,1430.5369999999998,71.32000000000001,-1169.7820000000002,-58.31999999999998,0.12963999999999998,0.07132000000000001,-0.058319999999999976
172,0.351,1173.267,58.449999999999996,0.0,0.0,-1173.267,-58.449999999999996,0.058449999999999995,0.0,-0.058449999999999995
173,0.352,3718.103,185.1,2576.961,128.29,-1141.1420000000003,-56.81,0.1851,0.12829,-0.05681
174,0.354,1730.292,86.02,0.0,0.0,-1730.292,-86.02,0.08602,0.0,-0.08602
175,0.355,0.0,0.0,1731.497,86.02,1731.497,86.02,0.0,0.08602,0.08602
176,0.357,6498.012000000001,322.37,0.0,0.0,-6498.012000000001,-322.37,0.32237,0.0,-0.32237
177,0.359,0.0,0.0,6507.039,322.37,6507.039,322.37,0.0,0.32237,0.32237
178,0.397,2219.914,107.32,0.0,0.0,-2219.914,-107.32,0.10732,0.0,-0.10732
179,0.403,0.0,0.0,2227.856,107.32,2227.856,107.32,0.0,0.10732,0.10732
