electricity_multiplier,gas_multiplier,renovation_cost_multiplier,average_savings
0.1,0.1,0.0,-37124.423008928236
0.1,0.1,0.1,-49966.28948885161
0.1,0.1,0.2,-62808.15596877498
0.1,0.1,0.30000000000000004,-75650.02244869835
0.1,0.1,0.4,-88491.88892862175
0.1,0.1,0.5,-101333.7554085451
0.1,0.1,0.6000000000000001,-114175.62188846848
0.1,0.1,0.7000000000000001,-127017.48836839186
0.1,0.1,0.8,-139859.35484831524
0.1,0.1,0.9,-152701.2213282386
0.1,0.1,1.0,-165543.08780816197
0.1,0.5,0.0,-2920.4828231301276
0.1,0.5,0.1,-15762.349303053505
0.1,0.5,0.2,-28604.215782976884
0.1,0.5,0.30000000000000004,-41446.08226290025
0.1,0.5,0.4,-54287.94874282363
0.1,0.5,0.5,-67129.81522274701
0.1,0.5,0.6000000000000001,-79971.68170267038
0.1,0.5,0.7000000000000001,-92813.54818259375
0.1,0.5,0.8,-105655.41466251714
0.1,0.5,0.9,-118497.28114244051
0.1,0.5,1.0,-131339.14762236387
0.1,0.75,0.0,18456.97979299369
0.1,0.75,0.1,5615.113313070315
0.1,0.75,0.2,-7226.753166853061
0.1,0.75,0.30000000000000004,-20068.61964677644
0.1,0.75,0.4,-32910.48612669981
0.1,0.75,0.5,-45752.35260662318
0.1,0.75,0.6000000000000001,-58594.219086546575
0.1,0.75,0.7000000000000001,-71436.08556646993
0.1,0.75,0.8,-84277.95204639331
0.1,0.75,0.9,-97119.81852631668
0.1,0.75,1.0,-109961.68500624005
0.1,1.0,0.0,39834.44240911751
0.1,1.0,0.1,26992.575929194136
0.1,1.0,0.2,14150.709449270757
0.1,1.0,0.30000000000000004,1308.8429693473788
0.1,1.0,0.4,-11533.023510575995
0.1,1.0,0.5,-24374.889990499363
0.1,1.0,0.6000000000000001,-37216.75647042275
0.1,1.0,0.7000000000000001,-50058.62295034613
0.1,1.0,0.8,-62900.48943026949
0.1,1.0,0.9,-75742.35591019287
0.1,1.0,1.0,-88584.22239011622
0.1,1.25,0.0,61211.905025241314
0.1,1.25,0.1,48370.03854531794
0.1,1.25,0.2,35528.17206539456
0.1,1.25,0.30000000000000004,22686.30558547119
0.1,1.25,0.4,9844.439105547815
0.1,1.25,0.5,-2997.427374375555
0.1,1.25,0.6000000000000001,-15839.293854298943
0.1,1.25,0.7000000000000001,-28681.16033422231
0.1,1.25,0.8,-41523.0268141457
0.1,1.25,0.9,-54364.89329406906
0.1,1.25,1.0,-67206.75977399244
0.1,1.5,0.0,82589.36764136514
0.1,1.5,0.1,69747.50116144177
0.1,1.5,0.2,56905.63468151839
0.1,1.5,0.30000000000000004,44063.76820159501
0.1,1.5,0.4,31221.901721671642
0.1,1.5,0.5,18380.03524174827
0.1,1.5,0.6000000000000001,5538.168761824885
0.1,1.5,0.7000000000000001,-7303.697718098485
0.1,1.5,0.8,-20145.564198021857
0.1,1.5,0.9,-32987.43067794523
0.1,1.5,1.0,-45829.29715786861
0.1,2.0,0.0,125344.29287361277
0.1,2.0,0.1,112502.42639368941
0.1,2.0,0.2,99660.55991376603
0.1,2.0,0.30000000000000004,86818.69343384265
0.1,2.0,0.4,73976.82695391928
0.1,2.0,0.5,61134.9604739959
0.1,2.0,0.6000000000000001,48293.09399407252
0.1,2.0,0.7000000000000001,35451.22751414915
0.1,2.0,0.8,22609.36103422578
0.1,2.0,0.9,9767.494554302406
0.1,2.0,1.0,-3074.3719256209674
0.1,3.0,0.0,210854.14333810803
0.1,3.0,0.1,198012.27685818466
0.1,3.0,0.2,185170.4103782613
0.1,3.0,0.30000000000000004,172328.5438983379
0.1,3.0,0.4,159486.67741841453
0.1,3.0,0.5,146644.8109384912
0.1,3.0,0.6000000000000001,133802.9444585678
0.1,3.0,0.7000000000000001,120961.07797864443
0.1,3.0,0.8,108119.21149872104
0.1,3.0,0.9,95277.34501879767
0.1,3.0,1.0,82435.47853887429
0.1,4.0,0.0,296363.99380260333
0.1,4.0,0.1,283522.12732267997
0.1,4.0,0.2,270680.26084275654
0.1,4.0,0.30000000000000004,257838.3943628332
0.1,4.0,0.4,244996.5278829098
0.1,4.0,0.5,232154.66140298644
0.1,4.0,0.6000000000000001,219312.79492306305
0.1,4.0,0.7000000000000001,206470.9284431397
0.1,4.0,0.8,193629.0619632163
0.1,4.0,0.9,180787.19548329295
0.1,4.0,1.0,167945.32900336958
0.1,5.0,0.0,381873.8442670986
0.1,5.0,0.1,369031.97778717516
0.1,5.0,0.2,356190.1113072518
0.1,5.0,0.30000000000000004,343348.24482732837
0.1,5.0,0.4,330506.37834740506
0.1,5.0,0.5,317664.51186748163
0.1,5.0,0.6000000000000001,304822.6453875583
0.1,5.0,0.7000000000000001,291980.7789076349
0.1,5.0,0.8,279138.91242771153
0.1,5.0,0.9,266297.04594778817
0.1,5.0,1.0,253455.17946786483
0.5,0.1,0.0,-61212.50507951745
0.5,0.1,0.1,-74054.37155944081
0.5,0.1,0.2,-86896.2380393642
0.5,0.1,0.30000000000000004,-99738.10451928758
0.5,0.1,0.4,-112579.97099921094
0.5,0.1,0.5,-125421.8374791343
0.5,0.1,0.6000000000000001,-138263.7039590577
0.5,0.1,0.7000000000000001,-151105.57043898106
0.5,0.1,0.8,-163947.43691890445
0.5,0.1,0.9,-176789.30339882782
0.5,0.1,1.0,-189631.16987875119
0.5,0.5,0.0,-27008.564893719333
0.5,0.5,0.1,-39850.431373642714
0.5,0.5,0.2,-52692.29785356609
0.5,0.5,0.30000000000000004,-65534.16433348947
0.5,0.5,0.4,-78376.03081341284
0.5,0.5,0.5,-91217.89729333621
0.5,0.5,0.6000000000000001,-104059.7637732596
0.5,0.5,0.7000000000000001,-116901.63025318296
0.5,0.5,0.8,-129743.49673310634
0.5,0.5,0.9,-142585.3632130297
0.5,0.5,1.0,-155427.2296929531
0.5,0.75,0.0,-5631.102277595514
0.5,0.75,0.1,-18472.96875751889
0.5,0.75,0.2,-31314.835237442265
0.5,0.75,0.30000000000000004,-44156.70171736564
0.5,0.75,0.4,-56998.568197289016
0.5,0.75,0.5,-69840.43467721238
0.5,0.75,0.6000000000000001,-82682.30115713578
0.5,0.75,0.7000000000000001,-95524.16763705916
0.5,0.75,0.8,-108366.03411698251
0.5,0.75,0.9,-121207.90059690589
0.5,0.75,1.0,-134049.76707682924
0.5,1.0,0.0,15746.360338528306
0.5,1.0,0.1,2904.493858604928
0.5,1.0,0.2,-9937.372621318445
0.5,1.0,0.30000000000000004,-22779.239101241827
0.5,1.0,0.4,-35621.105581165204
0.5,1.0,0.5,-48462.97206108857
0.5,1.0,0.6000000000000001,-61304.83854101195
0.5,1.0,0.7000000000000001,-74146.70502093533
0.5,1.0,0.8,-86988.5715008587
0.5,1.0,0.9,-99830.43798078207
0.5,1.0,1.0,-112672.30446070543
0.5,1.25,0.0,37123.82295465211
0.5,1.25,0.1,24281.956474728737
0.5,1.25,0.2,11440.089994805363
0.5,1.25,0.30000000000000004,-1401.7764851180177
0.5,1.25,0.4,-14243.64296504139
0.5,1.25,0.5,-27085.509444964762
0.5,1.25,0.6000000000000001,-39927.37592488815
0.5,1.25,0.7000000000000001,-52769.24240481152
0.5,1.25,0.8,-65611.1088847349
0.5,1.25,0.9,-78452.97536465825
0.5,1.25,1.0,-91294.84184458164
0.5,1.5,0.0,58501.28557077594
0.5,1.5,0.1,45659.419090852556
0.5,1.5,0.2,32817.55261092919
0.5,1.5,0.30000000000000004,19975.686131005812
0.5,1.5,0.4,7133.819651082437
0.5,1.5,0.5,-5708.046828840932
0.5,1.5,0.6000000000000001,-18549.913308764317
0.5,1.5,0.7000000000000001,-31391.779788687687
0.5,1.5,0.8,-44233.64626861106
0.5,1.5,0.9,-57075.51274853443
0.5,1.5,1.0,-69917.37922845781
0.5,2.0,0.0,101256.21080302358
0.5,2.0,0.1,88414.34432310019
0.5,2.0,0.2,75572.47784317684
0.5,2.0,0.30000000000000004,62730.61136325345
0.5,2.0,0.4,49888.74488333007
0.5,2.0,0.5,37046.8784034067
0.5,2.0,0.6000000000000001,24205.01192348332
0.5,2.0,0.7000000000000001,11363.145443559943
0.5,2.0,0.8,-1478.7210363634274
0.5,2.0,0.9,-14320.5875162868
0.5,2.0,1.0,-27162.453996210166
0.5,3.0,0.0,186766.06126751882
0.5,3.0,0.1,173924.19478759545
0.5,3.0,0.2,161082.3283076721
0.5,3.0,0.30000000000000004,148240.46182774872
0.5,3.0,0.4,135398.59534782535
0.5,3.0,0.5,122556.72886790198
0.5,3.0,0.6000000000000001,109714.86238797859
0.5,3.0,0.7000000000000001,96872.9959080552
0.5,3.0,0.8,84031.12942813184
0.5,3.0,0.9,71189.26294820847
0.5,3.0,1.0,58347.39646828509
0.5,4.0,0.0,272275.9117320141
0.5,4.0,0.1,259434.04525209073
0.5,4.0,0.2,246592.17877216733
0.5,4.0,0.30000000000000004,233750.31229224402
0.5,4.0,0.4,220908.44581232063
0.5,4.0,0.5,208066.57933239726
0.5,4.0,0.6000000000000001,195224.71285247384
0.5,4.0,0.7000000000000001,182382.8463725505
0.5,4.0,0.8,169540.9798926271
0.5,4.0,0.9,156699.11341270374
0.5,4.0,1.0,143857.24693278037
0.5,5.0,0.0,357785.76219650934
0.5,5.0,0.1,344943.895716586
0.5,5.0,0.2,332102.02923666255
0.5,5.0,0.30000000000000004,319260.16275673924
0.5,5.0,0.4,306418.2962768159
0.5,5.0,0.5,293576.42979689245
0.5,5.0,0.6000000000000001,280734.5633169691
0.5,5.0,0.7000000000000001,267892.6968370457
0.5,5.0,0.8,255050.83035712235
0.5,5.0,0.9,242208.96387719898
0.5,5.0,1.0,229367.09739727562
0.75,0.1,0.0,-76267.55637363576
0.75,0.1,0.1,-89109.42285355912
0.75,0.1,0.2,-101951.2893334825
0.75,0.1,0.30000000000000004,-114793.15581340587
0.75,0.1,0.4,-127635.02229332924
0.75,0.1,0.5,-140476.8887732526
0.75,0.1,0.6000000000000001,-153318.75525317603
0.75,0.1,0.7000000000000001,-166160.62173309937
0.75,0.1,0.8,-179002.48821302276
0.75,0.1,0.9,-191844.35469294613
0.75,0.1,1.0,-204686.22117286947
0.75,0.5,0.0,-42063.61618783765
0.75,0.5,0.1,-54905.48266776102
0.75,0.5,0.2,-67747.3491476844
0.75,0.5,0.30000000000000004,-80589.21562760777
0.75,0.5,0.4,-93431.08210753114
0.75,0.5,0.5,-106272.94858745452
0.75,0.5,0.6000000000000001,-119114.8150673779
0.75,0.5,0.7000000000000001,-131956.68154730127
0.75,0.5,0.8,-144798.54802722464
0.75,0.5,0.9,-157640.41450714803
0.75,0.5,1.0,-170482.28098707137
0.75,0.75,0.0,-20686.153571713825
0.75,0.75,0.1,-33528.0200516372
0.75,0.75,0.2,-46369.88653156058
0.75,0.75,0.30000000000000004,-59211.75301148396
0.75,0.75,0.4,-72053.61949140734
0.75,0.75,0.5,-84895.4859713307
0.75,0.75,0.6000000000000001,-97737.35245125409
0.75,0.75,0.7000000000000001,-110579.21893117746
0.75,0.75,0.8,-123421.08541110081
0.75,0.75,0.9,-136262.9518910242
0.75,0.75,1.0,-149104.81837094756
0.75,1.0,0.0,691.3090444099911
0.75,1.0,0.1,-12150.557435513385
0.75,1.0,0.2,-24992.423915436757
0.75,1.0,0.30000000000000004,-37834.29039536014
0.75,1.0,0.4,-50676.15687528351
0.75,1.0,0.5,-63518.02335520689
0.75,1.0,0.6000000000000001,-76359.88983513026
0.75,1.0,0.7000000000000001,-89201.75631505364
0.75,1.0,0.8,-102043.62279497701
0.75,1.0,0.9,-114885.48927490038
0.75,1.0,1.0,-127727.35575482376
0.75,1.25,0.0,22068.7716605338
0.75,1.25,0.1,9226.905180610425
0.75,1.25,0.2,-3614.96129931295
0.75,1.25,0.30000000000000004,-16456.827779236326
0.75,1.25,0.4,-29298.6942591597
0.75,1.25,0.5,-42140.56073908308
0.75,1.25,0.6000000000000001,-54982.42721900646
0.75,1.25,0.7000000000000001,-67824.29369892983
0.75,1.25,0.8,-80666.1601788532
0.75,1.25,0.9,-93508.02665877657
0.75,1.25,1.0,-106349.89313869993
0.75,1.5,0.0,43446.234276657626
0.75,1.5,0.1,30604.367796734252
0.75,1.5,0.2,17762.501316810878
0.75,1.5,0.30000000000000004,4920.634836887499
0.75,1.5,0.4,-7921.231643035873
0.75,1.5,0.5,-20763.098122959243
0.75,1.5,0.6000000000000001,-33604.96460288263
0.75,1.5,0.7000000000000001,-46446.831082806006
0.75,1.5,0.8,-59288.69756272937
0.75,1.5,0.9,-72130.56404265275
0.75,1.5,1.0,-84972.43052257612
0.75,2.0,0.0,86201.15950890526
0.75,2.0,0.1,73359.29302898188
0.75,2.0,0.2,60517.42654905852
0.75,2.0,0.30000000000000004,47675.56006913513
0.75,2.0,0.4,34833.693589211754
0.75,2.0,0.5,21991.82710928839
0.75,2.0,0.6000000000000001,9149.960629365005
0.75,2.0,0.7000000000000001,-3691.9058505583666
0.75,2.0,0.8,-16533.77233048174
0.75,2.0,0.9,-29375.63881040511
0.75,2.0,1.0,-42217.505290328474
0.75,3.0,0.0,171711.00997340053
0.75,3.0,0.1,158869.14349347717
0.75,3.0,0.2,146027.27701355377
0.75,3.0,0.30000000000000004,133185.4105336304
0.75,3.0,0.4,120343.54405370702
0.75,3.0,0.5,107501.67757378367
0.75,3.0,0.6000000000000001,94659.81109386029
0.75,3.0,0.7000000000000001,81817.94461393691
0.75,3.0,0.8,68976.07813401353
0.75,3.0,0.9,56134.211654090155
0.75,3.0,1.0,43292.345174166796
0.75,4.0,0.0,257220.86043789584
0.75,4.0,0.1,244378.99395797245
0.75,4.0,0.2,231537.12747804905
0.75,4.0,0.30000000000000004,218695.26099812565
0.75,4.0,0.4,205853.39451820232
0.75,4.0,0.5,193011.52803827892
0.75,4.0,0.6000000000000001,180169.66155835555
0.75,4.0,0.7000000000000001,167327.79507843216
0.75,4.0,0.8,154485.9285985088
0.75,4.0,0.9,141644.06211858545
0.75,4.0,1.0,128802.19563866207
0.75,5.0,0.0,342730.710902391
0.75,5.0,0.1,329888.8444224677
0.75,5.0,0.2,317046.97794254427
0.75,5.0,0.30000000000000004,304205.11146262096
0.75,5.0,0.4,291363.24498269754
0.75,5.0,0.5,278521.37850277417
0.75,5.0,0.6000000000000001,265679.5120228508
0.75,5.0,0.7000000000000001,252837.64554292738
0.75,5.0,0.8,239995.77906300404
0.75,5.0,0.9,227153.91258308064
0.75,5.0,1.0,214312.04610315728
1.0,0.1,0.0,-91322.607667754
1.0,0.1,0.1,-104164.47414767735
1.0,0.1,0.2,-117006.34062760073
1.0,0.1,0.30000000000000004,-129848.20710752411
1.0,0.1,0.4,-142690.0735874475
1.0,0.1,0.5,-155531.94006737086
1.0,0.1,0.6000000000000001,-168373.80654729425
1.0,0.1,0.7000000000000001,-181215.6730272176
1.0,0.1,0.8,-194057.539507141
1.0,0.1,0.9,-206899.40598706435
1.0,0.1,1.0,-219741.2724669877
1.0,0.5,0.0,-57118.66748195588
1.0,0.5,0.1,-69960.53396187926
1.0,0.5,0.2,-82802.40044180265
1.0,0.5,0.30000000000000004,-95644.26692172601
1.0,0.5,0.4,-108486.13340164938
1.0,0.5,0.5,-121327.99988157276
1.0,0.5,0.6000000000000001,-134169.86636149616
1.0,0.5,0.7000000000000001,-147011.73284141952
1.0,0.5,0.8,-159853.5993213429
1.0,0.5,0.9,-172695.46580126625
1.0,0.5,1.0,-185537.33228118962
1.0,0.75,0.0,-35741.204865832064
1.0,0.75,0.1,-48583.071345755445
1.0,0.75,0.2,-61424.93782567881
1.0,0.75,0.30000000000000004,-74266.8043056022
1.0,0.75,0.4,-87108.67078552557
1.0,0.75,0.5,-99950.53726544895
1.0,0.75,0.6000000000000001,-112792.40374537233
1.0,0.75,0.7000000000000001,-125634.2702252957
1.0,0.75,0.8,-138476.13670521908
1.0,0.75,0.9,-151318.00318514244
1.0,0.75,1.0,-164159.8696650658
1.0,1.0,0.0,-14363.74224970825
1.0,1.0,0.1,-27205.608729631625
1.0,1.0,0.2,-40047.47520955499
1.0,1.0,0.30000000000000004,-52889.34168947838
1.0,1.0,0.4,-65731.20816940175
1.0,1.0,0.5,-78573.07464932512
1.0,1.0,0.6000000000000001,-91414.9411292485
1.0,1.0,0.7000000000000001,-104256.80760917185
1.0,1.0,0.8,-117098.67408909524
1.0,1.0,0.9,-129940.54056901863
1.0,1.0,1.0,-142782.40704894197
1.0,1.25,0.0,7013.7203664155595
1.0,1.25,0.1,-5828.146113507818
1.0,1.25,0.2,-18670.01259343119
1.0,1.25,0.30000000000000004,-31511.87907335457
1.0,1.25,0.4,-44353.74555327794
1.0,1.25,0.5,-57195.61203320131
1.0,1.25,0.6000000000000001,-70037.47851312469
1.0,1.25,0.7000000000000001,-82879.34499304807
1.0,1.25,0.8,-95721.21147297144
1.0,1.25,0.9,-108563.0779528948
1.0,1.25,1.0,-121404.94443281819
1.0,1.5,0.0,28391.182982539383
1.0,1.5,0.1,15549.31650261601
1.0,1.5,0.2,2707.4500226926357
1.0,1.5,0.30000000000000004,-10134.416457230744
1.0,1.5,0.4,-22976.282937154116
1.0,1.5,0.5,-35818.14941707748
1.0,1.5,0.6000000000000001,-48660.01589700087
1.0,1.5,0.7000000000000001,-61501.88237692424
1.0,1.5,0.8,-74343.74885684761
1.0,1.5,0.9,-87185.61533677098
1.0,1.5,1.0,-100027.48181669434
1.0,2.0,0.0,71146.10821478702
1.0,2.0,0.1,58304.241734863645
1.0,2.0,0.2,45462.37525494026
1.0,2.0,0.30000000000000004,32620.508775016893
1.0,2.0,0.4,19778.64229509352
1.0,2.0,0.5,6936.775815170148
1.0,2.0,0.6000000000000001,-5905.0906647532365
1.0,2.0,0.7000000000000001,-18746.95714467661
1.0,2.0,0.8,-31588.82362459998
1.0,2.0,0.9,-44430.69010452335
1.0,2.0,1.0,-57272.55658444672
1.0,3.0,0.0,156655.95867928228
1.0,3.0,0.1,143814.09219935894
1.0,3.0,0.2,130972.22571943553
1.0,3.0,0.30000000000000004,118130.35923951215
1.0,3.0,0.4,105288.49275958879
1.0,3.0,0.5,92446.62627966542
1.0,3.0,0.6000000000000001,79604.75979974202
1.0,3.0,0.7000000000000001,66762.89331981867
1.0,3.0,0.8,53921.02683989528
1.0,3.0,0.9,41079.160359971924
1.0,3.0,1.0,28237.293880048546
1.0,4.0,0.0,242165.80914377756
1.0,4.0,0.1,229323.9426638542
1.0,4.0,0.2,216482.0761839308
1.0,4.0,0.30000000000000004,203640.2097040074
1.0,4.0,0.4,190798.34322408406
1.0,4.0,0.5,177956.4767441607
1.0,4.0,0.6000000000000001,165114.6102642373
1.0,4.0,0.7000000000000001,152272.74378431393
1.0,4.0,0.8,139430.87730439057
1.0,4.0,0.9,126589.01082446722
1.0,4.0,1.0,113747.14434454382
1.0,5.0,0.0,327675.6596082728
1.0,5.0,0.1,314833.7931283494
1.0,5.0,0.2,301991.92664842604
1.0,5.0,0.30000000000000004,289150.0601685027
1.0,5.0,0.4,276308.1936885793
1.0,5.0,0.5,263466.32720865594
1.0,5.0,0.6000000000000001,250624.46072873252
1.0,5.0,0.7000000000000001,237782.59424880912
1.0,5.0,0.8,224940.72776888582
1.0,5.0,0.9,212098.86128896242
1.0,5.0,1.0,199256.99480903902
1.25,0.1,0.0,-106377.65896187228
1.25,0.1,0.1,-119219.52544179566
1.25,0.1,0.2,-132061.391921719
1.25,0.1,0.30000000000000004,-144903.2584016424
1.25,0.1,0.4,-157745.12488156577
1.25,0.1,0.5,-170586.99136148917
1.25,0.1,0.6000000000000001,-183428.85784141257
1.25,0.1,0.7000000000000001,-196270.72432133587
1.25,0.1,0.8,-209112.59080125927
1.25,0.1,0.9,-221954.45728118264
1.25,0.1,1.0,-234796.323761106
1.25,0.5,0.0,-72173.71877607418
1.25,0.5,0.1,-85015.58525599755
1.25,0.5,0.2,-97857.45173592093
1.25,0.5,0.30000000000000004,-110699.31821584431
1.25,0.5,0.4,-123541.18469576768
1.25,0.5,0.5,-136383.05117569104
1.25,0.5,0.6000000000000001,-149224.91765561444
1.25,0.5,0.7000000000000001,-162066.7841355378
1.25,0.5,0.8,-174908.6506154612
1.25,0.5,0.9,-187750.5170953845
1.25,0.5,1.0,-200592.3835753079
1.25,0.75,0.0,-50796.256159950346
1.25,0.75,0.1,-63638.122639873734
1.25,0.75,0.2,-76479.98911979712
1.25,0.75,0.30000000000000004,-89321.85559972047
1.25,0.75,0.4,-102163.72207964385
1.25,0.75,0.5,-115005.58855956723
1.25,0.75,0.6000000000000001,-127847.45503949061
1.25,0.75,0.7000000000000001,-140689.321519414
1.25,0.75,0.8,-153531.18799933736
1.25,0.75,0.9,-166373.05447926078
1.25,0.75,1.0,-179214.9209591841
1.25,1.0,0.0,-29418.79354382653
1.25,1.0,0.1,-42260.66002374991
1.25,1.0,0.2,-55102.52650367329
1.25,1.0,0.30000000000000004,-67944.39298359667
1.25,1.0,0.4,-80786.25946352004
1.25,1.0,0.5,-93628.1259434434
1.25,1.0,0.6000000000000001,-106469.99242336678
1.25,1.0,0.7000000000000001,-119311.85890329015
1.25,1.0,0.8,-132153.72538321355
1.25,1.0,0.9,-144995.59186313688
1.25,1.0,1.0,-157837.45834306025
1.25,1.25,0.0,-8041.330927702725
1.25,1.25,0.1,-20883.1974076261
1.25,1.25,0.2,-33725.06388754947
1.25,1.25,0.30000000000000004,-46566.93036747286
1.25,1.25,0.4,-59408.796847396225
1.25,1.25,0.5,-72250.6633273196
1.25,1.25,0.6000000000000001,-85092.52980724299
1.25,1.25,0.7000000000000001,-97934.39628716637
1.25,1.25,0.8,-110776.26276708972
1.25,1.25,0.9,-123618.12924701309
1.25,1.25,1.0,-136459.99572693644
1.25,1.5,0.0,13336.131688421103
1.25,1.5,0.1,494.2652084977289
1.25,1.5,0.2,-12347.601271425647
1.25,1.5,0.30000000000000004,-25189.467751349028
1.25,1.5,0.4,-38031.3342312724
1.25,1.5,0.5,-50873.200711195765
1.25,1.5,0.6000000000000001,-63715.067191119146
1.25,1.5,0.7000000000000001,-76556.93367104253
1.25,1.5,0.8,-89398.80015096591
1.25,1.5,0.9,-102240.66663088926
1.25,1.5,1.0,-115082.53311081264
1.25,2.0,0.0,56091.056920668736
1.25,2.0,0.1,43249.19044074536
1.25,2.0,0.2,30407.32396082199
1.25,2.0,0.30000000000000004,17565.457480898607
1.25,2.0,0.4,4723.591000975236
1.25,2.0,0.5,-8118.275478948135
1.25,2.0,0.6000000000000001,-20960.141958871518
1.25,2.0,0.7000000000000001,-33802.008438794895
1.25,2.0,0.8,-46643.87491871827
1.25,2.0,0.9,-59485.741398641636
1.25,2.0,1.0,-72327.607878565
1.25,3.0,0.0,141600.90738516403
1.25,3.0,0.1,128759.04090524063
1.25,3.0,0.2,115917.17442531725
1.25,3.0,0.30000000000000004,103075.30794539387
1.25,3.0,0.4,90233.44146547052
1.25,3.0,0.5,77391.57498554714
1.25,3.0,0.6000000000000001,64549.70850562375
1.25,3.0,0.7000000000000001,51707.84202570038
1.25,3.0,0.8,38865.975545777
1.25,3.0,0.9,26024.109065853634
1.25,3.0,1.0,13182.242585930266
1.25,4.0,0.0,227110.7578496593
1.25,4.0,0.1,214268.8913697359
1.25,4.0,0.2,201427.0248898125
1.25,4.0,0.30000000000000004,188585.15840988918
1.25,4.0,0.4,175743.29192996578
1.25,4.0,0.5,162901.4254500424
1.25,4.0,0.6000000000000001,150059.55897011902
1.25,4.0,0.7000000000000001,137217.69249019568
1.25,4.0,0.8,124375.82601027227
1.25,4.0,0.9,111533.95953034889
1.25,4.0,1.0,98692.09305042554
1.25,5.0,0.0,312620.60831415455
1.25,5.0,0.1,299778.7418342311
1.25,5.0,0.2,286936.87535430776
1.25,5.0,0.30000000000000004,274095.00887438434
1.25,5.0,0.4,261253.14239446103
1.25,5.0,0.5,248411.27591453766
1.25,5.0,0.6000000000000001,235569.40943461427
1.25,5.0,0.7000000000000001,222727.5429546909
1.25,5.0,0.8,209885.6764747675
1.25,5.0,0.9,197043.80999484414
1.25,5.0,1.0,184201.94351492074
1.5,0.1,0.0,-121432.71025599055
1.5,0.1,0.1,-134274.57673591393
1.5,0.1,0.2,-147116.4432158373
1.5,0.1,0.30000000000000004,-159958.30969576066
1.5,0.1,0.4,-172800.17617568403
1.5,0.1,0.5,-185642.04265560742
1.5,0.1,0.6000000000000001,-198483.90913553082
1.5,0.1,0.7000000000000001,-211325.7756154542
1.5,0.1,0.8,-224167.64209537752
1.5,0.1,0.9,-237009.50857530092
1.5,0.1,1.0,-249851.37505522431
1.5,0.5,0.0,-87228.77007019245
1.5,0.5,0.1,-100070.63655011583
1.5,0.5,0.2,-112912.50303003918
1.5,0.5,0.30000000000000004,-125754.36950996258
1.5,0.5,0.4,-138596.23598988593
1.5,0.5,0.5,-151438.1024698093
1.5,0.5,0.6000000000000001,-164279.9689497327
1.5,0.5,0.7000000000000001,-177121.8354296561
1.5,0.5,0.8,-189963.70190957945
1.5,0.5,0.9,-202805.56838950282
1.5,0.5,1.0,-215647.43486942622
1.5,0.75,0.0,-65851.30745406862
1.5,0.75,0.1,-78693.173933992
1.5,0.75,0.2,-91535.04041391538
1.5,0.75,0.30000000000000004,-104376.90689383875
1.5,0.75,0.4,-117218.77337376213
1.5,0.75,0.5,-130060.6398536855
1.5,0.75,0.6000000000000001,-142902.50633360888
1.5,0.75,0.7000000000000001,-155744.37281353225
1.5,0.75,0.8,-168586.2392934556
1.5,0.75,0.9,-181428.105773379
1.5,0.75,1.0,-194269.97225330235
1.5,1.0,0.0,-44473.84483794482
1.5,1.0,0.1,-57315.711317868176
1.5,1.0,0.2,-70157.57779779157
1.5,1.0,0.30000000000000004,-82999.44427771492
1.5,1.0,0.4,-95841.31075763832
1.5,1.0,0.5,-108683.17723756169
1.5,1.0,0.6000000000000001,-121525.04371748508
1.5,1.0,0.7000000000000001,-134366.91019740843
1.5,1.0,0.8,-147208.7766773318
1.5,1.0,0.9,-160050.64315725517
1.5,1.0,1.0,-172892.50963717856
1.5,1.25,0.0,-23096.382221821
1.5,1.25,0.1,-35938.24870174438
1.5,1.25,0.2,-48780.11518166775
1.5,1.25,0.30000000000000004,-61621.98166159114
1.5,1.25,0.4,-74463.84814151449
1.5,1.25,0.5,-87305.71462143787
1.5,1.25,0.6000000000000001,-100147.58110136125
1.5,1.25,0.7000000000000001,-112989.44758128462
1.5,1.25,0.8,-125831.31406120799
1.5,1.25,0.9,-138673.18054113138
1.5,1.25,1.0,-151515.04702105472
1.5,1.5,0.0,-1718.9196056971732
1.5,1.5,0.1,-14560.786085620548
1.5,1.5,0.2,-27402.652565543925
1.5,1.5,0.30000000000000004,-40244.51904546729
1.5,1.5,0.4,-53086.38552539067
1.5,1.5,0.5,-65928.25200531405
1.5,1.5,0.6000000000000001,-78770.11848523743
1.5,1.5,0.7000000000000001,-91611.9849651608
1.5,1.5,0.8,-104453.85144508416
1.5,1.5,0.9,-117295.71792500754
1.5,1.5,1.0,-130137.58440493092
1.5,2.0,0.0,41036.00562655047
1.5,2.0,0.1,28194.139146627087
1.5,2.0,0.2,15352.27266670371
1.5,2.0,0.30000000000000004,2510.406186780333
1.5,2.0,0.4,-10331.46029314304
1.5,2.0,0.5,-23173.326773066412
1.5,2.0,0.6000000000000001,-36015.1932529898
1.5,2.0,0.7000000000000001,-48857.05973291317
1.5,2.0,0.8,-61698.92621283653
1.5,2.0,0.9,-74540.7926927599
1.5,2.0,1.0,-87382.65917268328
1.5,3.0,0.0,126545.85609104575
1.5,3.0,0.1,113703.98961112236
1.5,3.0,0.2,100862.12313119897
1.5,3.0,0.30000000000000004,88020.25665127559
1.5,3.0,0.4,75178.39017135225
1.5,3.0,0.5,62336.523691428854
1.5,3.0,0.6000000000000001,49494.65721150547
1.5,3.0,0.7000000000000001,36652.79073158211
1.5,3.0,0.8,23810.924251658733
1.5,3.0,0.9,10969.057771735363
1.5,3.0,1.0,-1872.8087081880094
1.5,4.0,0.0,212055.706555541
1.5,4.0,0.1,199213.84007561763
1.5,4.0,0.2,186371.97359569423
1.5,4.0,0.30000000000000004,173530.1071157709
1.5,4.0,0.4,160688.24063584753
1.5,4.0,0.5,147846.37415592413
1.5,4.0,0.6000000000000001,135004.50767600074
1.5,4.0,0.7000000000000001,122162.64119607738
1.5,4.0,0.8,109320.77471615399
1.5,4.0,0.9,96478.90823623064
1.5,4.0,1.0,83637.04175630727
1.5,5.0,0.0,297565.5570200362
1.5,5.0,0.1,284723.69054011285
1.5,5.0,0.2,271881.82406018954
1.5,5.0,0.30000000000000004,259039.9575802661
1.5,5.0,0.4,246198.09110034275
1.5,5.0,0.5,233356.22462041932
1.5,5.0,0.6000000000000001,220514.35814049596
1.5,5.0,0.7000000000000001,207672.49166057265
1.5,5.0,0.8,194830.62518064928
1.5,5.0,0.9,181988.75870072588
1.5,5.0,1.0,169146.8922208025
2.0,0.1,0.0,-151542.8128442271
2.0,0.1,0.1,-164384.6793241505
2.0,0.1,0.2,-177226.5458040738
2.0,0.1,0.30000000000000004,-190068.4122839972
2.0,0.1,0.4,-202910.2787639206
2.0,0.1,0.5,-215752.14524384396
2.0,0.1,0.6000000000000001,-228594.01172376735
2.0,0.1,0.7000000000000001,-241435.87820369072
2.0,0.1,0.8,-254277.74468361412
2.0,0.1,0.9,-267119.6111635375
2.0,0.1,1.0,-279961.47764346085
2.0,0.5,0.0,-117338.872658429
2.0,0.5,0.1,-130180.73913835236
2.0,0.5,0.2,-143022.60561827576
2.0,0.5,0.30000000000000004,-155864.47209819913
2.0,0.5,0.4,-168706.3385781225
2.0,0.5,0.5,-181548.20505804586
2.0,0.5,0.6000000000000001,-194390.07153796926
2.0,0.5,0.7000000000000001,-207231.93801789262
2.0,0.5,0.8,-220073.804497816
2.0,0.5,0.9,-232915.67097773938
2.0,0.5,1.0,-245757.53745766275
2.0,0.75,0.0,-95961.41004230519
2.0,0.75,0.1,-108803.27652222855
2.0,0.75,0.2,-121645.14300215192
2.0,0.75,0.30000000000000004,-134487.00948207531
2.0,0.75,0.4,-147328.87596199868
2.0,0.75,0.5,-160170.74244192202
2.0,0.75,0.6000000000000001,-173012.60892184544
2.0,0.75,0.7000000000000001,-185854.4754017688
2.0,0.75,0.8,-198696.3418816922
2.0,0.75,0.9,-211538.20836161554
2.0,0.75,1.0,-224380.07484153894
2.0,1.0,0.0,-74583.94742618136
2.0,1.0,0.1,-87425.81390610474
2.0,1.0,0.2,-100267.6803860281
2.0,1.0,0.30000000000000004,-113109.54686595147
2.0,1.0,0.4,-125951.41334587485
2.0,1.0,0.5,-138793.27982579824
2.0,1.0,0.6000000000000001,-151635.1463057216
2.0,1.0,0.7000000000000001,-164477.01278564497
2.0,1.0,0.8,-177318.87926556836
2.0,1.0,0.9,-190160.74574549173
2.0,1.0,1.0,-203002.6122254151
2.0,1.25,0.0,-53206.484810057555
2.0,1.25,0.1,-66048.35128998093
2.0,1.25,0.2,-78890.2177699043
2.0,1.25,0.30000000000000004,-91732.08424982768
2.0,1.25,0.4,-104573.95072975104
2.0,1.25,0.5,-117415.81720967442
2.0,1.25,0.6000000000000001,-130257.6836895978
2.0,1.25,0.7000000000000001,-143099.55016952116
2.0,1.25,0.8,-155941.41664944455
2.0,1.25,0.9,-168783.28312936792
2.0,1.25,1.0,-181625.14960929131
2.0,1.5,0.0,-31829.022193933724
2.0,1.5,0.1,-44670.8886738571
2.0,1.5,0.2,-57512.75515378048
2.0,1.5,0.30000000000000004,-70354.62163370385
2.0,1.5,0.4,-83196.48811362722
2.0,1.5,0.5,-96038.3545935506
2.0,1.5,0.6000000000000001,-108880.22107347398
2.0,1.5,0.7000000000000001,-121722.08755339736
2.0,1.5,0.8,-134563.9540333207
2.0,1.5,0.9,-147405.8205132441
2.0,1.5,1.0,-160247.68699316747
2.0,2.0,0.0,10925.903038313912
2.0,2.0,0.1,-1915.9634416094634
2.0,2.0,0.2,-14757.829921532837
2.0,2.0,0.30000000000000004,-27599.696401456218
2.0,2.0,0.4,-40441.562881379585
2.0,2.0,0.5,-53283.42936130296
2.0,2.0,0.6000000000000001,-66125.29584122634
2.0,2.0,0.7000000000000001,-78967.16232114972
2.0,2.0,0.8,-91809.0288010731
2.0,2.0,0.9,-104650.89528099645
2.0,2.0,1.0,-117492.76176091982
2.0,3.0,0.0,96435.75350280918
2.0,3.0,0.1,83593.8870228858
2.0,3.0,0.2,70752.02054296243
2.0,3.0,0.30000000000000004,57910.15406303905
2.0,3.0,0.4,45068.287583115685
2.0,3.0,0.5,32226.421103192315
2.0,3.0,0.6000000000000001,19384.554623268927
2.0,3.0,0.7000000000000001,6542.688143345556
2.0,3.0,0.8,-6299.178336577819
2.0,3.0,0.9,-19141.044816501188
2.0,3.0,1.0,-31982.911296424558
2.0,4.0,0.0,181945.60396730446
2.0,4.0,0.1,169103.73748738106
2.0,4.0,0.2,156261.8710074577
2.0,4.0,0.30000000000000004,143420.0045275343
2.0,4.0,0.4,130578.13804761093
2.0,4.0,0.5,117736.27156768758
2.0,4.0,0.6000000000000001,104894.4050877642
2.0,4.0,0.7000000000000001,92052.53860784083
2.0,4.0,0.8,79210.67212791744
2.0,4.0,0.9,66368.80564799409
2.0,4.0,1.0,53526.93916807071
2.0,5.0,0.0,267455.45443179965
2.0,5.0,0.1,254613.5879518763
2.0,5.0,0.2,241771.72147195291
2.0,5.0,0.30000000000000004,228929.85499202955
2.0,5.0,0.4,216087.98851210618
2.0,5.0,0.5,203246.1220321828
2.0,5.0,0.6000000000000001,190404.25555225945
2.0,5.0,0.7000000000000001,177562.38907233608
2.0,5.0,0.8,164720.5225924127
2.0,5.0,0.9,151878.65611248932
2.0,5.0,1.0,139036.78963256595
3.0,0.1,0.0,-211763.01802070017
3.0,0.1,0.1,-224604.88450062354
3.0,0.1,0.2,-237446.7509805469
3.0,0.1,0.30000000000000004,-250288.61746047027
3.0,0.1,0.4,-263130.4839403936
3.0,0.1,0.5,-275972.35042031703
3.0,0.1,0.6000000000000001,-288814.2169002404
3.0,0.1,0.7000000000000001,-301656.08338016376
3.0,0.1,0.8,-314497.9498600872
3.0,0.1,0.9,-327339.81634001055
3.0,0.1,1.0,-340181.6828199339
3.0,0.5,0.0,-177559.07783490207
3.0,0.5,0.1,-190400.94431482544
3.0,0.5,0.2,-203242.81079474877
3.0,0.5,0.30000000000000004,-216084.67727467217
3.0,0.5,0.4,-228926.54375459556
3.0,0.5,0.5,-241768.4102345189
3.0,0.5,0.6000000000000001,-254610.2767144423
3.0,0.5,0.7000000000000001,-267452.14319436566
3.0,0.5,0.8,-280294.0096742891
3.0,0.5,0.9,-293135.8761542124
3.0,0.5,1.0,-305977.7426341358
3.0,0.75,0.0,-156181.61521877823
3.0,0.75,0.1,-169023.48169870162
3.0,0.75,0.2,-181865.34817862496
3.0,0.75,0.30000000000000004,-194707.21465854833
3.0,0.75,0.4,-207549.08113847175
3.0,0.75,0.5,-220390.9476183951
3.0,0.75,0.6000000000000001,-233232.8140983185
3.0,0.75,0.7000000000000001,-246074.68057824182
3.0,0.75,0.8,-258916.54705816522
3.0,0.75,0.9,-271758.4135380886
3.0,0.75,1.0,-284600.280018012
3.0,1.0,0.0,-134804.15260265442
3.0,1.0,0.1,-147646.01908257778
3.0,1.0,0.2,-160487.88556250118
3.0,1.0,0.30000000000000004,-173329.75204242452
3.0,1.0,0.4,-186171.61852234788
3.0,1.0,0.5,-199013.48500227128
3.0,1.0,0.6000000000000001,-211855.35148219467
3.0,1.0,0.7000000000000001,-224697.21796211804
3.0,1.0,0.8,-237539.0844420414
3.0,1.0,0.9,-250380.9509219648
3.0,1.0,1.0,-263222.81740188814
3.0,1.25,0.0,-113426.6899865306
3.0,1.25,0.1,-126268.55646645396
3.0,1.25,0.2,-139110.42294637737
3.0,1.25,0.30000000000000004,-151952.28942630076
3.0,1.25,0.4,-164794.15590622407
3.0,1.25,0.5,-177636.02238614747
3.0,1.25,0.6000000000000001,-190477.88886607086
3.0,1.25,0.7000000000000001,-203319.75534599423
3.0,1.25,0.8,-216161.6218259176
3.0,1.25,0.9,-229003.488305841
3.0,1.25,1.0,-241845.35478576436
3.0,1.5,0.0,-92049.22737040676
3.0,1.5,0.1,-104891.09385033013
3.0,1.5,0.2,-117732.96033025353
3.0,1.5,0.30000000000000004,-130574.82681017688
3.0,1.5,0.4,-143416.69329010026
3.0,1.5,0.5,-156258.55977002362
3.0,1.5,0.6000000000000001,-169100.426249947
3.0,1.5,0.7000000000000001,-181942.2927298704
3.0,1.5,0.8,-194784.15920979378
3.0,1.5,0.9,-207626.02568971712
3.0,1.5,1.0,-220467.89216964052
3.0,2.0,0.0,-49294.30213815913
3.0,2.0,0.1,-62136.1686180825
3.0,2.0,0.2,-74978.03509800589
3.0,2.0,0.30000000000000004,-87819.90157792927
3.0,2.0,0.4,-100661.76805785265
3.0,2.0,0.5,-113503.63453777602
3.0,2.0,0.6000000000000001,-126345.50101769941
3.0,2.0,0.7000000000000001,-139187.36749762276
3.0,2.0,0.8,-152029.23397754613
3.0,2.0,0.9,-164871.1004574695
3.0,2.0,1.0,-177712.9669373929
3.0,3.0,0.0,36215.54832633614
3.0,3.0,0.1,23373.68184641276
3.0,3.0,0.2,10531.815366489385
3.0,3.0,0.30000000000000004,-2310.0511134339954
3.0,3.0,0.4,-15151.917593357364
3.0,3.0,0.5,-27993.784073280738
3.0,3.0,0.6000000000000001,-40835.65055320413
3.0,3.0,0.7000000000000001,-53677.5170331275
3.0,3.0,0.8,-66519.38351305085
3.0,3.0,0.9,-79361.24999297423
3.0,3.0,1.0,-92203.11647289761
3.0,4.0,0.0,121725.3987908314
3.0,4.0,0.1,108883.53231090802
3.0,4.0,0.2,96041.66583098464
3.0,4.0,0.30000000000000004,83199.79935106127
3.0,4.0,0.4,70357.9328711379
3.0,4.0,0.5,57516.06639121454
3.0,4.0,0.6000000000000001,44674.19991129115
3.0,4.0,0.7000000000000001,31832.333431367773
3.0,4.0,0.8,18990.466951444403
3.0,4.0,0.9,6148.600471521035
3.0,4.0,1.0,-6693.266008402337
3.0,5.0,0.0,207235.24925532663
3.0,5.0,0.1,194393.38277540324
3.0,5.0,0.2,181551.51629547987
3.0,5.0,0.30000000000000004,168709.6498155565
3.0,5.0,0.4,155867.78333563314
3.0,5.0,0.5,143025.91685570977
3.0,5.0,0.6000000000000001,130184.05037578639
3.0,5.0,0.7000000000000001,117342.18389586301
3.0,5.0,0.8,104500.31741593964
3.0,5.0,0.9,91658.45093601625
3.0,5.0,1.0,78816.5844560929
4.0,0.1,0.0,-271983.2231971732
4.0,0.1,0.1,-284825.0896770966
4.0,0.1,0.2,-297666.95615702
4.0,0.1,0.30000000000000004,-310508.8226369433
4.0,0.1,0.4,-323350.6891168667
4.0,0.1,0.5,-336192.55559679004
4.0,0.1,0.6000000000000001,-349034.42207671347
4.0,0.1,0.7000000000000001,-361876.2885566368
4.0,0.1,0.8,-374718.1550365602
4.0,0.1,0.9,-387560.02151648357
4.0,0.1,1.0,-400401.88799640693
4.0,0.5,0.0,-237779.2830113751
4.0,0.5,0.1,-250621.14949129848
4.0,0.5,0.2,-263463.01597122184
4.0,0.5,0.30000000000000004,-276304.88245114527
4.0,0.5,0.4,-289146.7489310686
4.0,0.5,0.5,-301988.61541099194
4.0,0.5,0.6000000000000001,-314830.48189091537
4.0,0.5,0.7000000000000001,-327672.34837083874
4.0,0.5,0.8,-340514.2148507621
4.0,0.5,0.9,-353356.08133068547
4.0,0.5,1.0,-366197.9478106088
4.0,0.75,0.0,-216401.82039525124
4.0,0.75,0.1,-229243.68687517464
4.0,0.75,0.2,-242085.55335509806
4.0,0.75,0.30000000000000004,-254927.4198350214
4.0,0.75,0.4,-267769.28631494474
4.0,0.75,0.5,-280611.15279486816
4.0,0.75,0.6000000000000001,-293453.0192747915
4.0,0.75,0.7000000000000001,-306294.8857547149
4.0,0.75,0.8,-319136.75223463826
4.0,0.75,0.9,-331978.6187145617
4.0,0.75,1.0,-344820.48519448505
4.0,1.0,0.0,-195024.35777912743
4.0,1.0,0.1,-207866.22425905082
4.0,1.0,0.2,-220708.09073897422
4.0,1.0,0.30000000000000004,-233549.9572188976
4.0,1.0,0.4,-246391.82369882095
4.0,1.0,0.5,-259233.69017874435
4.0,1.0,0.6000000000000001,-272075.5566586677
4.0,1.0,0.7000000000000001,-284917.42313859105
4.0,1.0,0.8,-297759.2896185145
4.0,1.0,0.9,-310601.1560984378
4.0,1.0,1.0,-323443.0225783612
4.0,1.25,0.0,-173646.89516300368
4.0,1.25,0.1,-186488.761642927
4.0,1.25,0.2,-199330.6281228504
4.0,1.25,0.30000000000000004,-212172.4946027738
4.0,1.25,0.4,-225014.36108269717
4.0,1.25,0.5,-237856.22756262054
4.0,1.25,0.6000000000000001,-250698.0940425439
4.0,1.25,0.7000000000000001,-263539.9605224673
4.0,1.25,0.8,-276381.82700239064
4.0,1.25,0.9,-289223.693482314
4.0,1.25,1.0,-302065.55996223737
4.0,1.5,0.0,-152269.43254687983
4.0,1.5,0.1,-165111.29902680323
4.0,1.5,0.2,-177953.16550672657
4.0,1.5,0.30000000000000004,-190795.03198664996
4.0,1.5,0.4,-203636.89846657333
4.0,1.5,0.5,-216478.7649464967
4.0,1.5,0.6000000000000001,-229320.63142642006
4.0,1.5,0.7000000000000001,-242162.49790634346
4.0,1.5,0.8,-255004.36438626688
4.0,1.5,0.9,-267846.23086619016
4.0,1.5,1.0,-280688.0973461136
4.0,2.0,0.0,-109514.50731463221
4.0,2.0,0.1,-122356.37379455558
4.0,2.0,0.2,-135198.24027447894
4.0,2.0,0.30000000000000004,-148040.1067544023
4.0,2.0,0.4,-160881.97323432568
4.0,2.0,0.5,-173723.83971424907
4.0,2.0,0.6000000000000001,-186565.70619417247
4.0,2.0,0.7000000000000001,-199407.5726740958
4.0,2.0,0.8,-212249.4391540192
4.0,2.0,0.9,-225091.30563394254
4.0,2.0,1.0,-237933.1721138659
4.0,3.0,0.0,-24004.656850136926
4.0,3.0,0.1,-36846.52333006029
4.0,3.0,0.2,-49688.38980998367
4.0,3.0,0.30000000000000004,-62530.25628990705
4.0,3.0,0.4,-75372.12276983041
4.0,3.0,0.5,-88213.9892497538
4.0,3.0,0.6000000000000001,-101055.85572967716
4.0,3.0,0.7000000000000001,-113897.72220960054
4.0,3.0,0.8,-126739.58868952392
4.0,3.0,0.9,-139581.4551694473
4.0,3.0,1.0,-152423.32164937066
4.0,4.0,0.0,61505.193614358344
4.0,4.0,0.1,48663.32713443498
4.0,4.0,0.2,35821.4606545116
4.0,4.0,0.30000000000000004,22979.59417458822
4.0,4.0,0.4,10137.727694664847
4.0,4.0,0.5,-2704.1387852585226
4.0,4.0,0.6000000000000001,-15546.005265181904
4.0,4.0,0.7000000000000001,-28387.871745105276
4.0,4.0,0.8,-41229.738225028654
4.0,4.0,0.9,-54071.60470495202
4.0,4.0,1.0,-66913.47118487538
4.0,5.0,0.0,147015.0440788536
4.0,5.0,0.1,134173.17759893023
4.0,5.0,0.2,121331.31111900683
4.0,5.0,0.30000000000000004,108489.44463908345
4.0,5.0,0.4,95647.57815916008
4.0,5.0,0.5,82805.7116792367
4.0,5.0,0.6000000000000001,69963.84519931333
4.0,5.0,0.7000000000000001,57121.97871938996
4.0,5.0,0.8,44280.11223946659
4.0,5.0,0.9,31438.245759543213
4.0,5.0,1.0,18596.379279619843
5.0,0.1,0.0,-332203.4283736463
5.0,0.1,0.1,-345045.29485356965
5.0,0.1,0.2,-357887.1613334931
5.0,0.1,0.30000000000000004,-370729.0278134164
5.0,0.1,0.4,-383570.89429333975
5.0,0.1,0.5,-396412.7607732631
5.0,0.1,0.6000000000000001,-409254.62725318654
5.0,0.1,0.7000000000000001,-422096.4937331099
5.0,0.1,0.8,-434938.36021303333
5.0,0.1,0.9,-447780.2266929567
5.0,0.1,1.0,-460622.0931728801
5.0,0.5,0.0,-297999.4881878482
5.0,0.5,0.1,-310841.3546677716
5.0,0.5,0.2,-323683.221147695
5.0,0.5,0.30000000000000004,-336525.0876276183
5.0,0.5,0.4,-349366.9541075417
5.0,0.5,0.5,-362208.820587465
5.0,0.5,0.6000000000000001,-375050.68706738844
5.0,0.5,0.7000000000000001,-387892.5535473118
5.0,0.5,0.8,-400734.42002723523
5.0,0.5,0.9,-413576.2865071586
5.0,0.5,1.0,-426418.15298708185
5.0,0.75,0.0,-276622.0255717244
5.0,0.75,0.1,-289463.89205164777
5.0,0.75,0.2,-302305.7585315711
5.0,0.75,0.30000000000000004,-315147.6250114945
5.0,0.75,0.4,-327989.49149141787
5.0,0.75,0.5,-340831.3579713413
5.0,0.75,0.6000000000000001,-353673.2244512646
5.0,0.75,0.7000000000000001,-366515.090931188
5.0,0.75,0.8,-379356.9574111114
5.0,0.75,0.9,-392198.82389103476
5.0,0.75,1.0,-405040.6903709581
5.0,1.0,0.0,-255244.56295560056
5.0,1.0,0.1,-268086.4294355239
5.0,1.0,0.2,-280928.2959154473
5.0,1.0,0.30000000000000004,-293770.1623953707
5.0,1.0,0.4,-306612.028875294
5.0,1.0,0.5,-319453.8953552174
5.0,1.0,0.6000000000000001,-332295.7618351408
5.0,1.0,0.7000000000000001,-345137.6283150642
5.0,1.0,0.8,-357979.4947949876
5.0,1.0,0.9,-370821.3612749109
5.0,1.0,1.0,-383663.2277548342
5.0,1.25,0.0,-233867.10033947675
5.0,1.25,0.1,-246708.9668194001
5.0,1.25,0.2,-259550.8332993235
5.0,1.25,0.30000000000000004,-272392.69977924693
5.0,1.25,0.4,-285234.5662591703
5.0,1.25,0.5,-298076.4327390936
5.0,1.25,0.6000000000000001,-310918.299219017
5.0,1.25,0.7000000000000001,-323760.1656989404
5.0,1.25,0.8,-336602.0321788637
5.0,1.25,0.9,-349443.89865878713
5.0,1.25,1.0,-362285.7651387105
5.0,1.5,0.0,-212489.63772335296
5.0,1.5,0.1,-225331.50420327627
5.0,1.5,0.2,-238173.37068319967
5.0,1.5,0.30000000000000004,-251015.23716312306
5.0,1.5,0.4,-263857.1036430464
5.0,1.5,0.5,-276698.9701229698
5.0,1.5,0.6000000000000001,-289540.8366028932
5.0,1.5,0.7000000000000001,-302382.70308281656
5.0,1.5,0.8,-315224.56956274
5.0,1.5,0.9,-328066.4360426633
5.0,1.5,1.0,-340908.3025225866
5.0,2.0,0.0,-169734.71249110525
5.0,2.0,0.1,-182576.57897102865
5.0,2.0,0.2,-195418.44545095204
5.0,2.0,0.30000000000000004,-208260.31193087538
5.0,2.0,0.4,-221102.17841079878
5.0,2.0,0.5,-233944.04489072217
5.0,2.0,0.6000000000000001,-246785.91137064554
5.0,2.0,0.7000000000000001,-259627.77785056893
5.0,2.0,0.8,-272469.6443304923
5.0,2.0,0.9,-285311.51081041567
5.0,2.0,1.0,-298153.37729033903
5.0,3.0,0.0,-84224.86202661002
5.0,3.0,0.1,-97066.72850653339
5.0,3.0,0.2,-109908.59498645675
5.0,3.0,0.30000000000000004,-122750.46146638015
5.0,3.0,0.4,-135592.32794630353
5.0,3.0,0.5,-148434.1944262269
5.0,3.0,0.6000000000000001,-161276.06090615026
5.0,3.0,0.7000000000000001,-174117.92738607366
5.0,3.0,0.8,-186959.79386599702
5.0,3.0,0.9,-199801.6603459204
5.0,3.0,1.0,-212643.5268258438
5.0,4.0,0.0,1284.988437885253
5.0,4.0,0.1,-11556.87804203812
5.0,4.0,0.2,-24398.744521961497
5.0,4.0,0.30000000000000004,-37240.61100188487
5.0,4.0,0.4,-50082.477481808244
5.0,4.0,0.5,-62924.34396173162
5.0,4.0,0.6000000000000001,-75766.210441655
5.0,4.0,0.7000000000000001,-88608.07692157837
5.0,4.0,0.8,-101449.94340150175
5.0,4.0,0.9,-114291.80988142511
5.0,4.0,1.0,-127133.6763613485
5.0,5.0,0.0,86794.83890238049
5.0,5.0,0.1,73952.97242245711
5.0,5.0,0.2,61111.105942533744
5.0,5.0,0.30000000000000004,48269.239462610356
5.0,5.0,0.4,35427.37298268699
5.0,5.0,0.5,22585.50650276362
5.0,5.0,0.6000000000000001,9743.64002284023
5.0,5.0,0.7000000000000001,-3098.226457083142
5.0,5.0,0.8,-15940.09293700651
5.0,5.0,0.9,-28781.959416929887
5.0,5.0,1.0,-41623.825896853254
