electricity_multiplier,gas_multiplier,renovation_cost_multiplier,average_savings
0.1,0.1,0.0,-84607.49212147696
0.1,0.1,0.1,-97449.35860140034
0.1,0.1,0.2,-110291.2250813237
0.1,0.1,0.30000000000000004,-123133.0915612471
0.1,0.1,0.4,-135974.95804117047
0.1,0.1,0.5,-148816.82452109383
0.1,0.1,0.6000000000000001,-161658.69100101723
0.1,0.1,0.7000000000000001,-174500.5574809406
0.1,0.1,0.8,-187342.42396086393
0.1,0.1,0.9,-200184.29044078733
0.1,0.1,1.0,-213026.15692071072
0.1,0.6444444444444445,0.0,-38052.12909080731
0.1,0.6444444444444445,0.1,-50893.995570730694
0.1,0.6444444444444445,0.2,-63735.86205065407
0.1,0.6444444444444445,0.30000000000000004,-76577.72853057744
0.1,0.6444444444444445,0.4,-89419.59501050082
0.1,0.6444444444444445,0.5,-102261.46149042419
0.1,0.6444444444444445,0.6000000000000001,-115103.32797034757
0.1,0.6444444444444445,0.7000000000000001,-127945.19445027097
0.1,0.6444444444444445,0.8,-140787.06093019433
0.1,0.6444444444444445,0.9,-153628.92741011767
0.1,0.6444444444444445,1.0,-166470.79389004107
0.1,1.188888888888889,0.0,8503.233939862354
0.1,1.188888888888889,0.1,-4338.632540061021
0.1,1.188888888888889,0.2,-17180.499019984396
0.1,1.188888888888889,0.30000000000000004,-30022.365499907777
0.1,1.188888888888889,0.4,-42864.23197983115
0.1,1.188888888888889,0.5,-55706.09845975452
0.1,1.188888888888889,0.6000000000000001,-68547.96493967791
0.1,1.188888888888889,0.7000000000000001,-81389.83141960128
0.1,1.188888888888889,0.8,-94231.69789952465
0.1,1.188888888888889,0.9,-107073.56437944803
0.1,1.188888888888889,1.0,-119915.43085937138
0.1,1.7333333333333336,0.0,55058.59697053199
0.1,1.7333333333333336,0.1,42216.73049060862
0.1,1.7333333333333336,0.2,29374.864010685244
0.1,1.7333333333333336,0.30000000000000004,16532.997530761866
0.1,1.7333333333333336,0.4,3691.131050838491
0.1,1.7333333333333336,0.5,-9150.73542908488
0.1,1.7333333333333336,0.6000000000000001,-21992.601909008266
0.1,1.7333333333333336,0.7000000000000001,-34834.46838893163
0.1,1.7333333333333336,0.8,-47676.33486885501
0.1,1.7333333333333336,0.9,-60518.201348778384
0.1,1.7333333333333336,1.0,-73360.06782870175
0.1,2.277777777777778,0.0,101613.96000120167
0.1,2.277777777777778,0.1,88772.09352127828
0.1,2.277777777777778,0.2,75930.22704135491
0.1,2.277777777777778,0.30000000000000004,63088.36056143154
0.1,2.277777777777778,0.4,50246.49408150815
0.1,2.277777777777778,0.5,37404.62760158478
0.1,2.277777777777778,0.6000000000000001,24562.761121661395
0.1,2.277777777777778,0.7000000000000001,11720.894641738028
0.1,2.277777777777778,0.8,-1120.971838185343
0.1,2.277777777777778,0.9,-13962.838318108714
0.1,2.277777777777778,1.0,-26804.704798032082
0.1,2.8222222222222224,0.0,148169.3230318713
0.1,2.8222222222222224,0.1,135327.45655194792
0.1,2.8222222222222224,0.2,122485.59007202454
0.1,2.8222222222222224,0.30000000000000004,109643.72359210116
0.1,2.8222222222222224,0.4,96801.85711217778
0.1,2.8222222222222224,0.5,83959.99063225441
0.1,2.8222222222222224,0.6000000000000001,71118.12415233103
0.1,2.8222222222222224,0.7000000000000001,58276.25767240765
0.1,2.8222222222222224,0.8,45434.39119248429
0.1,2.8222222222222224,0.9,32592.52471256092
0.1,2.8222222222222224,1.0,19750.65823263755
0.1,3.366666666666667,0.0,194724.68606254098
0.1,3.366666666666667,0.1,181882.81958261758
0.1,3.366666666666667,0.2,169040.95310269418
0.1,3.366666666666667,0.30000000000000004,156199.0866227708
0.1,3.366666666666667,0.4,143357.22014284748
0.1,3.366666666666667,0.5,130515.35366292408
0.1,3.366666666666667,0.6000000000000001,117673.4871830007
0.1,3.366666666666667,0.7000000000000001,104831.62070307735
0.1,3.366666666666667,0.8,91989.75422315396
0.1,3.366666666666667,0.9,79147.8877432306
0.1,3.366666666666667,1.0,66306.02126330721
0.1,3.911111111111112,0.0,241280.04909321063
0.1,3.911111111111112,0.1,228438.18261328727
0.1,3.911111111111112,0.2,215596.31613336387
0.1,3.911111111111112,0.30000000000000004,202754.4496534405
0.1,3.911111111111112,0.4,189912.58317351714
0.1,3.911111111111112,0.5,177070.71669359374
0.1,3.911111111111112,0.6000000000000001,164228.85021367035
0.1,3.911111111111112,0.7000000000000001,151386.983733747
0.1,3.911111111111112,0.8,138545.11725382364
0.1,3.911111111111112,0.9,125703.25077390026
0.1,3.911111111111112,1.0,112861.38429397688
0.1,4.455555555555556,0.0,287835.4121238803
0.1,4.455555555555556,0.1,274993.54564395687
0.1,4.455555555555556,0.2,262151.6791640335
0.1,4.455555555555556,0.30000000000000004,249309.8126841101
0.1,4.455555555555556,0.4,236467.94620418677
0.1,4.455555555555556,0.5,223626.07972426337
0.1,4.455555555555556,0.6000000000000001,210784.21324433998
0.1,4.455555555555556,0.7000000000000001,197942.34676441664
0.1,4.455555555555556,0.8,185100.48028449324
0.1,4.455555555555556,0.9,172258.61380456985
0.1,4.455555555555556,1.0,159416.7473246465
0.1,5.0,0.0,334390.7751545498
0.1,5.0,0.1,321548.9086746265
0.1,5.0,0.2,308707.04219470307
0.1,5.0,0.30000000000000004,295865.1757147797
0.1,5.0,0.4,283023.30923485634
0.1,5.0,0.5,270181.4427549329
0.1,5.0,0.6000000000000001,257339.57627500955
0.1,5.0,0.7000000000000001,244497.70979508618
0.1,5.0,0.8,231655.84331516284
0.1,5.0,0.9,218813.97683523945
0.1,5.0,1.0,205972.11035531608
0.6444444444444445,0.1,0.0,-112766.32535172855
0.6444444444444445,0.1,0.1,-125608.19183165193
0.6444444444444445,0.1,0.2,-138450.05831157535
0.6444444444444445,0.1,0.30000000000000004,-151291.9247914987
0.6444444444444445,0.1,0.4,-164133.79127142206
0.6444444444444445,0.1,0.5,-176975.65775134545
0.6444444444444445,0.1,0.6000000000000001,-189817.52423126882
0.6444444444444445,0.1,0.7000000000000001,-202659.3907111922
0.6444444444444445,0.1,0.8,-215501.25719111558
0.6444444444444445,0.1,0.9,-228343.12367103898
0.6444444444444445,0.1,1.0,-241184.99015096235
0.6444444444444445,0.6444444444444445,0.0,-66210.96232105892
0.6444444444444445,0.6444444444444445,0.1,-79052.82880098232
0.6444444444444445,0.6444444444444445,0.2,-91894.69528090568
0.6444444444444445,0.6444444444444445,0.30000000000000004,-104736.56176082906
0.6444444444444445,0.6444444444444445,0.4,-117578.42824075243
0.6444444444444445,0.6444444444444445,0.5,-130420.29472067578
0.6444444444444445,0.6444444444444445,0.6000000000000001,-143262.1612005992
0.6444444444444445,0.6444444444444445,0.7000000000000001,-156104.0276805226
0.6444444444444445,0.6444444444444445,0.8,-168945.8941604459
0.6444444444444445,0.6444444444444445,0.9,-181787.7606403693
0.6444444444444445,0.6444444444444445,1.0,-194629.6271202927
0.6444444444444445,1.188888888888889,0.0,-19655.599290389255
0.6444444444444445,1.188888888888889,0.1,-32497.465770312632
0.6444444444444445,1.188888888888889,0.2,-45339.33225023601
0.6444444444444445,1.188888888888889,0.30000000000000004,-58181.19873015939
0.6444444444444445,1.188888888888889,0.4,-71023.06521008276
0.6444444444444445,1.188888888888889,0.5,-83864.93169000614
0.6444444444444445,1.188888888888889,0.6000000000000001,-96706.7981699295
0.6444444444444445,1.188888888888889,0.7000000000000001,-109548.6646498529
0.6444444444444445,1.188888888888889,0.8,-122390.53112977627
0.6444444444444445,1.188888888888889,0.9,-135232.39760969963
0.6444444444444445,1.188888888888889,1.0,-148074.264089623
0.6444444444444445,1.7333333333333336,0.0,26899.76374028038
0.6444444444444445,1.7333333333333336,0.1,14057.897260357007
0.6444444444444445,1.7333333333333336,0.2,1216.0307804336328
0.6444444444444445,1.7333333333333336,0.30000000000000004,-11625.835699489744
0.6444444444444445,1.7333333333333336,0.4,-24467.702179413114
0.6444444444444445,1.7333333333333336,0.5,-37309.56865933649
0.6444444444444445,1.7333333333333336,0.6000000000000001,-50151.43513925987
0.6444444444444445,1.7333333333333336,0.7000000000000001,-62993.30161918325
0.6444444444444445,1.7333333333333336,0.8,-75835.16809910662
0.6444444444444445,1.7333333333333336,0.9,-88677.03457902999
0.6444444444444445,1.7333333333333336,1.0,-101518.90105895336
0.6444444444444445,2.277777777777778,0.0,73455.12677095005
0.6444444444444445,2.277777777777778,0.1,60613.260291026665
0.6444444444444445,2.277777777777778,0.2,47771.3938111033
0.6444444444444445,2.277777777777778,0.30000000000000004,34929.52733117992
0.6444444444444445,2.277777777777778,0.4,22087.66085125655
0.6444444444444445,2.277777777777778,0.5,9245.794371333173
0.6444444444444445,2.277777777777778,0.6000000000000001,-3596.072108590212
0.6444444444444445,2.277777777777778,0.7000000000000001,-16437.938588513585
0.6444444444444445,2.277777777777778,0.8,-29279.80506843696
0.6444444444444445,2.277777777777778,0.9,-42121.67154836032
0.6444444444444445,2.277777777777778,1.0,-54963.5380282837
0.6444444444444445,2.8222222222222224,0.0,120010.48980161968
0.6444444444444445,2.8222222222222224,0.1,107168.6233216963
0.6444444444444445,2.8222222222222224,0.2,94326.75684177292
0.6444444444444445,2.8222222222222224,0.30000000000000004,81484.89036184955
0.6444444444444445,2.8222222222222224,0.4,68643.02388192617
0.6444444444444445,2.8222222222222224,0.5,55801.157402002806
0.6444444444444445,2.8222222222222224,0.6000000000000001,42959.290922079424
0.6444444444444445,2.8222222222222224,0.7000000000000001,30117.424442156054
0.6444444444444445,2.8222222222222224,0.8,17275.557962232677
0.6444444444444445,2.8222222222222224,0.9,4433.691482309304
0.6444444444444445,2.8222222222222224,1.0,-8408.174997614064
0.6444444444444445,3.366666666666667,0.0,166565.85283228935
0.6444444444444445,3.366666666666667,0.1,153723.98635236596
0.6444444444444445,3.366666666666667,0.2,140882.11987244262
0.6444444444444445,3.366666666666667,0.30000000000000004,128040.25339251924
0.6444444444444445,3.366666666666667,0.4,115198.38691259586
0.6444444444444445,3.366666666666667,0.5,102356.52043267248
0.6444444444444445,3.366666666666667,0.6000000000000001,89514.65395274908
0.6444444444444445,3.366666666666667,0.7000000000000001,76672.78747282572
0.6444444444444445,3.366666666666667,0.8,63830.92099290234
0.6444444444444445,3.366666666666667,0.9,50989.05451297898
0.6444444444444445,3.366666666666667,1.0,38147.18803305561
0.6444444444444445,3.911111111111112,0.0,213121.215862959
0.6444444444444445,3.911111111111112,0.1,200279.34938303562
0.6444444444444445,3.911111111111112,0.2,187437.48290311222
0.6444444444444445,3.911111111111112,0.30000000000000004,174595.61642318888
0.6444444444444445,3.911111111111112,0.4,161753.74994326552
0.6444444444444445,3.911111111111112,0.5,148911.88346334215
0.6444444444444445,3.911111111111112,0.6000000000000001,136070.01698341875
0.6444444444444445,3.911111111111112,0.7000000000000001,123228.1505034954
0.6444444444444445,3.911111111111112,0.8,110386.28402357202
0.6444444444444445,3.911111111111112,0.9,97544.41754364864
0.6444444444444445,3.911111111111112,1.0,84702.55106372526
0.6444444444444445,4.455555555555556,0.0,259676.57889362864
0.6444444444444445,4.455555555555556,0.1,246834.71241370525
0.6444444444444445,4.455555555555556,0.2,233992.84593378188
0.6444444444444445,4.455555555555556,0.30000000000000004,221150.9794538585
0.6444444444444445,4.455555555555556,0.4,208309.11297393515
0.6444444444444445,4.455555555555556,0.5,195467.24649401172
0.6444444444444445,4.455555555555556,0.6000000000000001,182625.38001408835
0.6444444444444445,4.455555555555556,0.7000000000000001,169783.51353416502
0.6444444444444445,4.455555555555556,0.8,156941.64705424165
0.6444444444444445,4.455555555555556,0.9,144099.78057431825
0.6444444444444445,4.455555555555556,1.0,131257.9140943949
0.6444444444444445,5.0,0.0,306231.94192429824
0.6444444444444445,5.0,0.1,293390.0754443748
0.6444444444444445,5.0,0.2,280548.2089644515
0.6444444444444445,5.0,0.30000000000000004,267706.3424845281
0.6444444444444445,5.0,0.4,254864.47600460472
0.6444444444444445,5.0,0.5,242022.60952468138
0.6444444444444445,5.0,0.6000000000000001,229180.74304475798
0.6444444444444445,5.0,0.7000000000000001,216338.8765648346
0.6444444444444445,5.0,0.8,203497.0100849112
0.6444444444444445,5.0,0.9,190655.14360498785
0.6444444444444445,5.0,1.0,177813.2771250645
1.188888888888889,0.1,0.0,-140925.15858198018
1.188888888888889,0.1,0.1,-153767.02506190358
1.188888888888889,0.1,0.2,-166608.89154182695
1.188888888888889,0.1,0.30000000000000004,-179450.75802175034
1.188888888888889,0.1,0.4,-192292.6245016737
1.188888888888889,0.1,0.5,-205134.4909815971
1.188888888888889,0.1,0.6000000000000001,-217976.3574615205
1.188888888888889,0.1,0.7000000000000001,-230818.2239414438
1.188888888888889,0.1,0.8,-243660.0904213672
1.188888888888889,0.1,0.9,-256501.95690129057
1.188888888888889,0.1,1.0,-269343.82338121394
1.188888888888889,0.6444444444444445,0.0,-94369.79555131057
1.188888888888889,0.6444444444444445,0.1,-107211.66203123395
1.188888888888889,0.6444444444444445,0.2,-120053.5285111573
1.188888888888889,0.6444444444444445,0.30000000000000004,-132895.39499108066
1.188888888888889,0.6444444444444445,0.4,-145737.26147100405
1.188888888888889,0.6444444444444445,0.5,-158579.12795092742
1.188888888888889,0.6444444444444445,0.6000000000000001,-171420.9944308508
1.188888888888889,0.6444444444444445,0.7000000000000001,-184262.8609107742
1.188888888888889,0.6444444444444445,0.8,-197104.72739069755
1.188888888888889,0.6444444444444445,0.9,-209946.59387062094
1.188888888888889,0.6444444444444445,1.0,-222788.4603505443
1.188888888888889,1.188888888888889,0.0,-47814.43252064089
1.188888888888889,1.188888888888889,0.1,-60656.299000564264
1.188888888888889,1.188888888888889,0.2,-73498.16548048765
1.188888888888889,1.188888888888889,0.30000000000000004,-86340.03196041103
1.188888888888889,1.188888888888889,0.4,-99181.8984403344
1.188888888888889,1.188888888888889,0.5,-112023.76492025776
1.188888888888889,1.188888888888889,0.6000000000000001,-124865.63140018114
1.188888888888889,1.188888888888889,0.7000000000000001,-137707.49788010455
1.188888888888889,1.188888888888889,0.8,-150549.36436002786
1.188888888888889,1.188888888888889,0.9,-163391.23083995125
1.188888888888889,1.188888888888889,1.0,-176233.09731987465
1.188888888888889,1.7333333333333336,0.0,-1259.0694899712503
1.188888888888889,1.7333333333333336,0.1,-14100.935969894625
1.188888888888889,1.7333333333333336,0.2,-26942.802449818002
1.188888888888889,1.7333333333333336,0.30000000000000004,-39784.668929741376
1.188888888888889,1.7333333333333336,0.4,-52626.53540966475
1.188888888888889,1.7333333333333336,0.5,-65468.401889588116
1.188888888888889,1.7333333333333336,0.6000000000000001,-78310.2683695115
1.188888888888889,1.7333333333333336,0.7000000000000001,-91152.13484943488
1.188888888888889,1.7333333333333336,0.8,-103994.00132935826
1.188888888888889,1.7333333333333336,0.9,-116835.86780928163
1.188888888888889,1.7333333333333336,1.0,-129677.734289205
1.188888888888889,2.277777777777778,0.0,45296.29354069842
1.188888888888889,2.277777777777778,0.1,32454.427060775037
1.188888888888889,2.277777777777778,0.2,19612.56058085166
1.188888888888889,2.277777777777778,0.30000000000000004,6770.694100928284
1.188888888888889,2.277777777777778,0.4,-6071.1723789950875
1.188888888888889,2.277777777777778,0.5,-18913.038858918462
1.188888888888889,2.277777777777778,0.6000000000000001,-31754.90533884184
1.188888888888889,2.277777777777778,0.7000000000000001,-44596.77181876521
1.188888888888889,2.277777777777778,0.8,-57438.63829868859
1.188888888888889,2.277777777777778,0.9,-70280.50477861195
1.188888888888889,2.277777777777778,1.0,-83122.37125853532
1.188888888888889,2.8222222222222224,0.0,91851.65657136805
1.188888888888889,2.8222222222222224,0.1,79009.79009144468
1.188888888888889,2.8222222222222224,0.2,66167.92361152128
1.188888888888889,2.8222222222222224,0.30000000000000004,53326.05713159792
1.188888888888889,2.8222222222222224,0.4,40484.19065167455
1.188888888888889,2.8222222222222224,0.5,27642.324171751174
1.188888888888889,2.8222222222222224,0.6000000000000001,14800.457691827793
1.188888888888889,2.8222222222222224,0.7000000000000001,1958.5912119044194
1.188888888888889,2.8222222222222224,0.8,-10883.275268018951
1.188888888888889,2.8222222222222224,0.9,-23725.141747942325
1.188888888888889,2.8222222222222224,1.0,-36567.00822786569
1.188888888888889,3.366666666666667,0.0,138407.0196020377
1.188888888888889,3.366666666666667,0.1,125565.15312211435
1.188888888888889,3.366666666666667,0.2,112723.28664219096
1.188888888888889,3.366666666666667,0.30000000000000004,99881.4201622676
1.188888888888889,3.366666666666667,0.4,87039.55368234422
1.188888888888889,3.366666666666667,0.5,74197.68720242084
1.188888888888889,3.366666666666667,0.6000000000000001,61355.82072249746
1.188888888888889,3.366666666666667,0.7000000000000001,48513.95424257409
1.188888888888889,3.366666666666667,0.8,35672.08776265072
1.188888888888889,3.366666666666667,0.9,22830.22128272735
1.188888888888889,3.366666666666667,1.0,9988.354802803979
1.188888888888889,3.911111111111112,0.0,184962.3826327074
1.188888888888889,3.911111111111112,0.1,172120.516152784
1.188888888888889,3.911111111111112,0.2,159278.64967286063
1.188888888888889,3.911111111111112,0.30000000000000004,146436.78319293723
1.188888888888889,3.911111111111112,0.4,133594.91671301387
1.188888888888889,3.911111111111112,0.5,120753.0502330905
1.188888888888889,3.911111111111112,0.6000000000000001,107911.18375316712
1.188888888888889,3.911111111111112,0.7000000000000001,95069.31727324377
1.188888888888889,3.911111111111112,0.8,82227.45079332037
1.188888888888889,3.911111111111112,0.9,69385.584313397
1.188888888888889,3.911111111111112,1.0,56543.717833473645
1.188888888888889,4.455555555555556,0.0,231517.745663377
1.188888888888889,4.455555555555556,0.1,218675.87918345362
1.188888888888889,4.455555555555556,0.2,205834.01270353023
1.188888888888889,4.455555555555556,0.30000000000000004,192992.1462236069
1.188888888888889,4.455555555555556,0.4,180150.2797436835
1.188888888888889,4.455555555555556,0.5,167308.41326376013
1.188888888888889,4.455555555555556,0.6000000000000001,154466.54678383676
1.188888888888889,4.455555555555556,0.7000000000000001,141624.68030391337
1.188888888888889,4.455555555555556,0.8,128782.81382398999
1.188888888888889,4.455555555555556,0.9,115940.94734406665
1.188888888888889,4.455555555555556,1.0,103099.08086414325
1.188888888888889,5.0,0.0,278073.10869404656
1.188888888888889,5.0,0.1,265231.2422141232
1.188888888888889,5.0,0.2,252389.37573419983
1.188888888888889,5.0,0.30000000000000004,239547.50925427643
1.188888888888889,5.0,0.4,226705.6427743531
1.188888888888889,5.0,0.5,213863.7762944297
1.188888888888889,5.0,0.6000000000000001,201021.90981450633
1.188888888888889,5.0,0.7000000000000001,188180.04333458297
1.188888888888889,5.0,0.8,175338.17685465957
1.188888888888889,5.0,0.9,162496.31037473623
1.188888888888889,5.0,1.0,149654.44389481284
1.7333333333333336,0.1,0.0,-169083.99181223183
1.7333333333333336,0.1,0.1,-181925.85829215523
1.7333333333333336,0.1,0.2,-194767.72477207863
1.7333333333333336,0.1,0.30000000000000004,-207609.59125200196
1.7333333333333336,0.1,0.4,-220451.45773192533
1.7333333333333336,0.1,0.5,-233293.3242118487
1.7333333333333336,0.1,0.6000000000000001,-246135.19069177206
1.7333333333333336,0.1,0.7000000000000001,-258977.0571716955
1.7333333333333336,0.1,0.8,-271818.9236516188
1.7333333333333336,0.1,0.9,-284660.79013154225
1.7333333333333336,0.1,1.0,-297502.65661146556
1.7333333333333336,0.6444444444444445,0.0,-122528.6287815622
1.7333333333333336,0.6444444444444445,0.1,-135370.49526148557
1.7333333333333336,0.6444444444444445,0.2,-148212.36174140894
1.7333333333333336,0.6444444444444445,0.30000000000000004,-161054.22822133233
1.7333333333333336,0.6444444444444445,0.4,-173896.0947012557
1.7333333333333336,0.6444444444444445,0.5,-186737.96118117907
1.7333333333333336,0.6444444444444445,0.6000000000000001,-199579.82766110246
1.7333333333333336,0.6444444444444445,0.7000000000000001,-212421.6941410258
1.7333333333333336,0.6444444444444445,0.8,-225263.56062094917
1.7333333333333336,0.6444444444444445,0.9,-238105.42710087256
1.7333333333333336,0.6444444444444445,1.0,-250947.29358079596
1.7333333333333336,1.188888888888889,0.0,-75973.26575089253
1.7333333333333336,1.188888888888889,0.1,-88815.1322308159
1.7333333333333336,1.188888888888889,0.2,-101656.99871073927
1.7333333333333336,1.188888888888889,0.30000000000000004,-114498.86519066265
1.7333333333333336,1.188888888888889,0.4,-127340.73167058603
1.7333333333333336,1.188888888888889,0.5,-140182.5981505094
1.7333333333333336,1.188888888888889,0.6000000000000001,-153024.46463043278
1.7333333333333336,1.188888888888889,0.7000000000000001,-165866.33111035617
1.7333333333333336,1.188888888888889,0.8,-178708.19759027954
1.7333333333333336,1.188888888888889,0.9,-191550.0640702029
1.7333333333333336,1.188888888888889,1.0,-204391.9305501263
1.7333333333333336,1.7333333333333336,0.0,-29417.902720222883
1.7333333333333336,1.7333333333333336,0.1,-42259.76920014626
1.7333333333333336,1.7333333333333336,0.2,-55101.63568006964
1.7333333333333336,1.7333333333333336,0.30000000000000004,-67943.50215999302
1.7333333333333336,1.7333333333333336,0.4,-80785.36863991639
1.7333333333333336,1.7333333333333336,0.5,-93627.23511983977
1.7333333333333336,1.7333333333333336,0.6000000000000001,-106469.10159976313
1.7333333333333336,1.7333333333333336,0.7000000000000001,-119310.96807968651
1.7333333333333336,1.7333333333333336,0.8,-132152.83455960988
1.7333333333333336,1.7333333333333336,0.9,-144994.70103953328
1.7333333333333336,1.7333333333333336,1.0,-157836.56751945664
1.7333333333333336,2.277777777777778,0.0,17137.46031044678
1.7333333333333336,2.277777777777778,0.1,4295.593830523405
1.7333333333333336,2.277777777777778,0.2,-8546.27264939997
1.7333333333333336,2.277777777777778,0.30000000000000004,-21388.139129323346
1.7333333333333336,2.277777777777778,0.4,-34230.00560924673
1.7333333333333336,2.277777777777778,0.5,-47071.872089170094
1.7333333333333336,2.277777777777778,0.6000000000000001,-59913.73856909348
1.7333333333333336,2.277777777777778,0.7000000000000001,-72755.60504901686
1.7333333333333336,2.277777777777778,0.8,-85597.47152894022
1.7333333333333336,2.277777777777778,0.9,-98439.33800886357
1.7333333333333336,2.277777777777778,1.0,-111281.20448878696
1.7333333333333336,2.8222222222222224,0.0,63692.823341116426
1.7333333333333336,2.8222222222222224,0.1,50850.95686119303
1.7333333333333336,2.8222222222222224,0.2,38009.09038126966
1.7333333333333336,2.8222222222222224,0.30000000000000004,25167.223901346286
1.7333333333333336,2.8222222222222224,0.4,12325.357421422916
1.7333333333333336,2.8222222222222224,0.5,-516.5090585004589
1.7333333333333336,2.8222222222222224,0.6000000000000001,-13358.375538423845
1.7333333333333336,2.8222222222222224,0.7000000000000001,-26200.242018347213
1.7333333333333336,2.8222222222222224,0.8,-39042.10849827059
1.7333333333333336,2.8222222222222224,0.9,-51883.97497819396
1.7333333333333336,2.8222222222222224,1.0,-64725.841458117335
1.7333333333333336,3.366666666666667,0.0,110248.18637178608
1.7333333333333336,3.366666666666667,0.1,97406.3198918627
1.7333333333333336,3.366666666666667,0.2,84564.45341193932
1.7333333333333336,3.366666666666667,0.30000000000000004,71722.58693201595
1.7333333333333336,3.366666666666667,0.4,58880.72045209259
1.7333333333333336,3.366666666666667,0.5,46038.85397216921
1.7333333333333336,3.366666666666667,0.6000000000000001,33196.987492245826
1.7333333333333336,3.366666666666667,0.7000000000000001,20355.121012322455
1.7333333333333336,3.366666666666667,0.8,7513.2545323990835
1.7333333333333336,3.366666666666667,0.9,-5328.611947524287
1.7333333333333336,3.366666666666667,1.0,-18170.47842744766
1.7333333333333336,3.911111111111112,0.0,156803.54940245574
1.7333333333333336,3.911111111111112,0.1,143961.68292253237
1.7333333333333336,3.911111111111112,0.2,131119.816442609
1.7333333333333336,3.911111111111112,0.30000000000000004,118277.94996268563
1.7333333333333336,3.911111111111112,0.4,105436.08348276225
1.7333333333333336,3.911111111111112,0.5,92594.21700283888
1.7333333333333336,3.911111111111112,0.6000000000000001,79752.35052291548
1.7333333333333336,3.911111111111112,0.7000000000000001,66910.48404299212
1.7333333333333336,3.911111111111112,0.8,54068.61756306875
1.7333333333333336,3.911111111111112,0.9,41226.75108314537
1.7333333333333336,3.911111111111112,1.0,28384.884603222003
1.7333333333333336,4.455555555555556,0.0,203358.91243312537
1.7333333333333336,4.455555555555556,0.1,190517.04595320197
1.7333333333333336,4.455555555555556,0.2,177675.17947327864
1.7333333333333336,4.455555555555556,0.30000000000000004,164833.31299335524
1.7333333333333336,4.455555555555556,0.4,151991.44651343185
1.7333333333333336,4.455555555555556,0.5,139149.58003350848
1.7333333333333336,4.455555555555556,0.6000000000000001,126307.7135535851
1.7333333333333336,4.455555555555556,0.7000000000000001,113465.84707366173
1.7333333333333336,4.455555555555556,0.8,100623.98059373838
1.7333333333333336,4.455555555555556,0.9,87782.11411381498
1.7333333333333336,4.455555555555556,1.0,74940.24763389163
1.7333333333333336,5.0,0.0,249914.2754637949
1.7333333333333336,5.0,0.1,237072.40898387157
1.7333333333333336,5.0,0.2,224230.54250394818
1.7333333333333336,5.0,0.30000000000000004,211388.67602402484
1.7333333333333336,5.0,0.4,198546.80954410144
1.7333333333333336,5.0,0.5,185704.94306417805
1.7333333333333336,5.0,0.6000000000000001,172863.07658425468
1.7333333333333336,5.0,0.7000000000000001,160021.21010433135
1.7333333333333336,5.0,0.8,147179.34362440795
1.7333333333333336,5.0,0.9,134337.47714448455
1.7333333333333336,5.0,1.0,121495.61066456119
2.277777777777778,0.1,0.0,-197242.8250424834
2.277777777777778,0.1,0.1,-210084.6915224068
2.277777777777778,0.1,0.2,-222926.5580023302
2.277777777777778,0.1,0.30000000000000004,-235768.42448225355
2.277777777777778,0.1,0.4,-248610.2909621769
2.277777777777778,0.1,0.5,-261452.15744210023
2.277777777777778,0.1,0.6000000000000001,-274294.02392202365
2.277777777777778,0.1,0.7000000000000001,-287135.8904019471
2.277777777777778,0.1,0.8,-299977.7568818704
2.277777777777778,0.1,0.9,-312819.6233617938
2.277777777777778,0.1,1.0,-325661.4898417171
2.277777777777778,0.6444444444444445,0.0,-150687.46201181374
2.277777777777778,0.6444444444444445,0.1,-163529.3284917371
2.277777777777778,0.6444444444444445,0.2,-176371.1949716605
2.277777777777778,0.6444444444444445,0.30000000000000004,-189213.0614515839
2.277777777777778,0.6444444444444445,0.4,-202054.92793150723
2.277777777777778,0.6444444444444445,0.5,-214896.79441143063
2.277777777777778,0.6444444444444445,0.6000000000000001,-227738.66089135403
2.277777777777778,0.6444444444444445,0.7000000000000001,-240580.52737127742
2.277777777777778,0.6444444444444445,0.8,-253422.39385120076
2.277777777777778,0.6444444444444445,0.9,-266264.2603311241
2.277777777777778,0.6444444444444445,1.0,-279106.1268110475
2.277777777777778,1.188888888888889,0.0,-104132.09898114408
2.277777777777778,1.188888888888889,0.1,-116973.96546106748
2.277777777777778,1.188888888888889,0.2,-129815.83194099084
2.277777777777778,1.188888888888889,0.30000000000000004,-142657.6984209142
2.277777777777778,1.188888888888889,0.4,-155499.56490083763
2.277777777777778,1.188888888888889,0.5,-168341.43138076094
2.277777777777778,1.188888888888889,0.6000000000000001,-181183.29786068434
2.277777777777778,1.188888888888889,0.7000000000000001,-194025.16434060773
2.277777777777778,1.188888888888889,0.8,-206867.0308205311
2.277777777777778,1.188888888888889,0.9,-219708.89730045447
2.277777777777778,1.188888888888889,1.0,-232550.76378037786
2.277777777777778,1.7333333333333336,0.0,-57576.73595047445
2.277777777777778,1.7333333333333336,0.1,-70418.60243039782
2.277777777777778,1.7333333333333336,0.2,-83260.46891032121
2.277777777777778,1.7333333333333336,0.30000000000000004,-96102.33539024457
2.277777777777778,1.7333333333333336,0.4,-108944.20187016795
2.277777777777778,1.7333333333333336,0.5,-121786.06835009133
2.277777777777778,1.7333333333333336,0.6000000000000001,-134627.9348300147
2.277777777777778,1.7333333333333336,0.7000000000000001,-147469.80130993808
2.277777777777778,1.7333333333333336,0.8,-160311.66778986147
2.277777777777778,1.7333333333333336,0.9,-173153.5342697848
2.277777777777778,1.7333333333333336,1.0,-185995.40074970818
2.277777777777778,2.277777777777778,0.0,-11021.372919804791
2.277777777777778,2.277777777777778,0.1,-23863.23939972817
2.277777777777778,2.277777777777778,0.2,-36705.105879651535
2.277777777777778,2.277777777777778,0.30000000000000004,-49546.97235957492
2.277777777777778,2.277777777777778,0.4,-62388.83883949829
2.277777777777778,2.277777777777778,0.5,-75230.70531942166
2.277777777777778,2.277777777777778,0.6000000000000001,-88072.57179934505
2.277777777777778,2.277777777777778,0.7000000000000001,-100914.43827926842
2.277777777777778,2.277777777777778,0.8,-113756.30475919179
2.277777777777778,2.277777777777778,0.9,-126598.17123911517
2.277777777777778,2.277777777777778,1.0,-139440.03771903855
2.277777777777778,2.8222222222222224,0.0,35533.99011086485
2.277777777777778,2.8222222222222224,0.1,22692.12363094147
2.277777777777778,2.8222222222222224,0.2,9850.257151018097
2.277777777777778,2.8222222222222224,0.30000000000000004,-2991.6093289052806
2.277777777777778,2.8222222222222224,0.4,-15833.475808828649
2.277777777777778,2.8222222222222224,0.5,-28675.34228875202
2.277777777777778,2.8222222222222224,0.6000000000000001,-41517.20876867541
2.277777777777778,2.8222222222222224,0.7000000000000001,-54359.075248598776
2.277777777777778,2.8222222222222224,0.8,-67200.94172852214
2.277777777777778,2.8222222222222224,0.9,-80042.80820844552
2.277777777777778,2.8222222222222224,1.0,-92884.67468836889
2.277777777777778,3.366666666666667,0.0,82089.35314153452
2.277777777777778,3.366666666666667,0.1,69247.48666161114
2.277777777777778,3.366666666666667,0.2,56405.620181687766
2.277777777777778,3.366666666666667,0.30000000000000004,43563.75370176439
2.277777777777778,3.366666666666667,0.4,30721.88722184102
2.277777777777778,3.366666666666667,0.5,17880.02074191765
2.277777777777778,3.366666666666667,0.6000000000000001,5038.154261994262
2.277777777777778,3.366666666666667,0.7000000000000001,-7803.712217929108
2.277777777777778,3.366666666666667,0.8,-20645.578697852477
2.277777777777778,3.366666666666667,0.9,-33487.44517777585
2.277777777777778,3.366666666666667,1.0,-46329.31165769923
2.277777777777778,3.911111111111112,0.0,128644.7161722042
2.277777777777778,3.911111111111112,0.1,115802.8496922808
2.277777777777778,3.911111111111112,0.2,102960.98321235743
2.277777777777778,3.911111111111112,0.30000000000000004,90119.11673243405
2.277777777777778,3.911111111111112,0.4,77277.25025251068
2.277777777777778,3.911111111111112,0.5,64435.3837725873
2.277777777777778,3.911111111111112,0.6000000000000001,51593.51729266391
2.277777777777778,3.911111111111112,0.7000000000000001,38751.65081274055
2.277777777777778,3.911111111111112,0.8,25909.78433281718
2.277777777777778,3.911111111111112,0.9,13067.917852893801
2.277777777777778,3.911111111111112,1.0,226.0513729704325
2.277777777777778,4.455555555555556,0.0,175200.0792028738
2.277777777777778,4.455555555555556,0.1,162358.2127229504
2.277777777777778,4.455555555555556,0.2,149516.34624302704
2.277777777777778,4.455555555555556,0.30000000000000004,136674.47976310368
2.277777777777778,4.455555555555556,0.4,123832.61328318028
2.277777777777778,4.455555555555556,0.5,110990.74680325692
2.277777777777778,4.455555555555556,0.6000000000000001,98148.88032333355
2.277777777777778,4.455555555555556,0.7000000000000001,85307.01384341017
2.277777777777778,4.455555555555556,0.8,72465.1473634868
2.277777777777778,4.455555555555556,0.9,59623.28088356341
2.277777777777778,4.455555555555556,1.0,46781.414403640054
2.277777777777778,5.0,0.0,221755.4422335434
2.277777777777778,5.0,0.1,208913.57575362
2.277777777777778,5.0,0.2,196071.70927369664
2.277777777777778,5.0,0.30000000000000004,183229.84279377325
2.277777777777778,5.0,0.4,170387.97631384988
2.277777777777778,5.0,0.5,157546.1098339265
2.277777777777778,5.0,0.6000000000000001,144704.2433540031
2.277777777777778,5.0,0.7000000000000001,131862.37687407975
2.277777777777778,5.0,0.8,119020.51039415637
2.277777777777778,5.0,0.9,106178.643914233
2.277777777777778,5.0,1.0,93336.77743430962
2.8222222222222224,0.1,0.0,-225401.65827273505
2.8222222222222224,0.1,0.1,-238243.5247526584
2.8222222222222224,0.1,0.2,-251085.3912325818
2.8222222222222224,0.1,0.30000000000000004,-263927.2577125052
2.8222222222222224,0.1,0.4,-276769.12419242854
2.8222222222222224,0.1,0.5,-289610.9906723519
2.8222222222222224,0.1,0.6000000000000001,-302452.85715227533
2.8222222222222224,0.1,0.7000000000000001,-315294.7236321987
2.8222222222222224,0.1,0.8,-328136.59011212207
2.8222222222222224,0.1,0.9,-340978.45659204543
2.8222222222222224,0.1,1.0,-353820.32307196874
2.8222222222222224,0.6444444444444445,0.0,-178846.29524206542
2.8222222222222224,0.6444444444444445,0.1,-191688.16172198878
2.8222222222222224,0.6444444444444445,0.2,-204530.02820191215
2.8222222222222224,0.6444444444444445,0.30000000000000004,-217371.89468183555
2.8222222222222224,0.6444444444444445,0.4,-230213.76116175894
2.8222222222222224,0.6444444444444445,0.5,-243055.62764168228
2.8222222222222224,0.6444444444444445,0.6000000000000001,-255897.49412160565
2.8222222222222224,0.6444444444444445,0.7000000000000001,-268739.3606015291
2.8222222222222224,0.6444444444444445,0.8,-281581.22708145244
2.8222222222222224,0.6444444444444445,0.9,-294423.09356137575
2.8222222222222224,0.6444444444444445,1.0,-307264.9600412992
2.8222222222222224,1.188888888888889,0.0,-132290.93221139573
2.8222222222222224,1.188888888888889,0.1,-145132.79869131913
2.8222222222222224,1.188888888888889,0.2,-157974.6651712425
2.8222222222222224,1.188888888888889,0.30000000000000004,-170816.53165116586
2.8222222222222224,1.188888888888889,0.4,-183658.39813108926
2.8222222222222224,1.188888888888889,0.5,-196500.2646110126
2.8222222222222224,1.188888888888889,0.6000000000000001,-209342.131090936
2.8222222222222224,1.188888888888889,0.7000000000000001,-222183.99757085938
2.8222222222222224,1.188888888888889,0.8,-235025.86405078278
2.8222222222222224,1.188888888888889,0.9,-247867.7305307061
2.8222222222222224,1.188888888888889,1.0,-260709.59701062948
2.8222222222222224,1.7333333333333336,0.0,-85735.5691807261
2.8222222222222224,1.7333333333333336,0.1,-98577.43566064948
2.8222222222222224,1.7333333333333336,0.2,-111419.30214057287
2.8222222222222224,1.7333333333333336,0.30000000000000004,-124261.16862049623
2.8222222222222224,1.7333333333333336,0.4,-137103.03510041963
2.8222222222222224,1.7333333333333336,0.5,-149944.901580343
2.8222222222222224,1.7333333333333336,0.6000000000000001,-162786.76806026636
2.8222222222222224,1.7333333333333336,0.7000000000000001,-175628.63454018976
2.8222222222222224,1.7333333333333336,0.8,-188470.5010201131
2.8222222222222224,1.7333333333333336,0.9,-201312.3675000365
2.8222222222222224,1.7333333333333336,1.0,-214154.23397995988
2.8222222222222224,2.277777777777778,0.0,-39180.206150056445
2.8222222222222224,2.277777777777778,0.1,-52022.072629979826
2.8222222222222224,2.277777777777778,0.2,-64863.939109903185
2.8222222222222224,2.277777777777778,0.30000000000000004,-77705.80558982656
2.8222222222222224,2.277777777777778,0.4,-90547.67206974994
2.8222222222222224,2.277777777777778,0.5,-103389.53854967332
2.8222222222222224,2.277777777777778,0.6000000000000001,-116231.4050295967
2.8222222222222224,2.277777777777778,0.7000000000000001,-129073.27150952007
2.8222222222222224,2.277777777777778,0.8,-141915.1379894434
2.8222222222222224,2.277777777777778,0.9,-154757.0044693668
2.8222222222222224,2.277777777777778,1.0,-167598.8709492902
2.8222222222222224,2.8222222222222224,0.0,7375.156880613194
2.8222222222222224,2.8222222222222224,0.1,-5466.709599310179
2.8222222222222224,2.8222222222222224,0.2,-18308.576079233557
2.8222222222222224,2.8222222222222224,0.30000000000000004,-31150.442559156934
2.8222222222222224,2.8222222222222224,0.4,-43992.309039080305
2.8222222222222224,2.8222222222222224,0.5,-56834.17551900368
2.8222222222222224,2.8222222222222224,0.6000000000000001,-69676.04199892706
2.8222222222222224,2.8222222222222224,0.7000000000000001,-82517.90847885044
2.8222222222222224,2.8222222222222224,0.8,-95359.7749587738
2.8222222222222224,2.8222222222222224,0.9,-108201.64143869719
2.8222222222222224,2.8222222222222224,1.0,-121043.50791862055
2.8222222222222224,3.366666666666667,0.0,53930.51991128286
2.8222222222222224,3.366666666666667,0.1,41088.6534313595
2.8222222222222224,3.366666666666667,0.2,28246.786951436112
2.8222222222222224,3.366666666666667,0.30000000000000004,15404.920471512736
2.8222222222222224,3.366666666666667,0.4,2563.053991589366
2.8222222222222224,3.366666666666667,0.5,-10278.812488334006
2.8222222222222224,3.366666666666667,0.6000000000000001,-23120.678968257394
2.8222222222222224,3.366666666666667,0.7000000000000001,-35962.54544818076
2.8222222222222224,3.366666666666667,0.8,-48804.41192810414
2.8222222222222224,3.366666666666667,0.9,-61646.27840802751
2.8222222222222224,3.366666666666667,1.0,-74488.14488795087
2.8222222222222224,3.911111111111112,0.0,100485.88294195253
2.8222222222222224,3.911111111111112,0.1,87644.01646202916
2.8222222222222224,3.911111111111112,0.2,74802.14998210577
2.8222222222222224,3.911111111111112,0.30000000000000004,61960.283502182385
2.8222222222222224,3.911111111111112,0.4,49118.417022259026
2.8222222222222224,3.911111111111112,0.5,36276.55054233565
2.8222222222222224,3.911111111111112,0.6000000000000001,23434.684062412267
2.8222222222222224,3.911111111111112,0.7000000000000001,10592.817582488891
2.8222222222222224,3.911111111111112,0.8,-2249.0488974344803
2.8222222222222224,3.911111111111112,0.9,-15090.915377357851
2.8222222222222224,3.911111111111112,1.0,-27932.781857281225
2.8222222222222224,4.455555555555556,0.0,147041.24597262216
2.8222222222222224,4.455555555555556,0.1,134199.37949269876
2.8222222222222224,4.455555555555556,0.2,121357.51301277541
2.8222222222222224,4.455555555555556,0.30000000000000004,108515.64653285201
2.8222222222222224,4.455555555555556,0.4,95673.78005292863
2.8222222222222224,4.455555555555556,0.5,82831.91357300527
2.8222222222222224,4.455555555555556,0.6000000000000001,69990.04709308188
2.8222222222222224,4.455555555555556,0.7000000000000001,57148.180613158496
2.8222222222222224,4.455555555555556,0.8,44306.31413323514
2.8222222222222224,4.455555555555556,0.9,31464.44765331176
2.8222222222222224,4.455555555555556,1.0,18622.581173388393
2.8222222222222224,5.0,0.0,193596.6090032917
2.8222222222222224,5.0,0.1,180754.74252336836
2.8222222222222224,5.0,0.2,167912.87604344497
2.8222222222222224,5.0,0.30000000000000004,155071.0095635216
2.8222222222222224,5.0,0.4,142229.14308359823
2.8222222222222224,5.0,0.5,129387.27660367485
2.8222222222222224,5.0,0.6000000000000001,116545.41012375146
2.8222222222222224,5.0,0.7000000000000001,103703.54364382809
2.8222222222222224,5.0,0.8,90861.67716390471
2.8222222222222224,5.0,0.9,78019.81068398136
2.8222222222222224,5.0,1.0,65177.94420405798
3.366666666666667,0.1,0.0,-253560.49150298667
3.366666666666667,0.1,0.1,-266402.35798291006
3.366666666666667,0.1,0.2,-279244.22446283343
3.366666666666667,0.1,0.30000000000000004,-292086.09094275685
3.366666666666667,0.1,0.4,-304927.9574226801
3.366666666666667,0.1,0.5,-317769.8239026035
3.366666666666667,0.1,0.6000000000000001,-330611.6903825269
3.366666666666667,0.1,0.7000000000000001,-343453.55686245026
3.366666666666667,0.1,0.8,-356295.4233423737
3.366666666666667,0.1,0.9,-369137.28982229705
3.366666666666667,0.1,1.0,-381979.1563022205
3.366666666666667,0.6444444444444445,0.0,-207005.12847231704
3.366666666666667,0.6444444444444445,0.1,-219846.99495224038
3.366666666666667,0.6444444444444445,0.2,-232688.86143216377
3.366666666666667,0.6444444444444445,0.30000000000000004,-245530.72791208714
3.366666666666667,0.6444444444444445,0.4,-258372.59439201053
3.366666666666667,0.6444444444444445,0.5,-271214.4608719339
3.366666666666667,0.6444444444444445,0.6000000000000001,-284056.32735185727
3.366666666666667,0.6444444444444445,0.7000000000000001,-296898.1938317807
3.366666666666667,0.6444444444444445,0.8,-309740.060311704
3.366666666666667,0.6444444444444445,0.9,-322581.9267916274
3.366666666666667,0.6444444444444445,1.0,-335423.7932715508
3.366666666666667,1.188888888888889,0.0,-160449.76544164738
3.366666666666667,1.188888888888889,0.1,-173291.63192157072
3.366666666666667,1.188888888888889,0.2,-186133.49840149411
3.366666666666667,1.188888888888889,0.30000000000000004,-198975.36488141748
3.366666666666667,1.188888888888889,0.4,-211817.23136134085
3.366666666666667,1.188888888888889,0.5,-224659.0978412642
3.366666666666667,1.188888888888889,0.6000000000000001,-237500.9643211876
3.366666666666667,1.188888888888889,0.7000000000000001,-250342.830801111
3.366666666666667,1.188888888888889,0.8,-263184.6972810343
3.366666666666667,1.188888888888889,0.9,-276026.56376095774
3.366666666666667,1.188888888888889,1.0,-288868.4302408811
3.366666666666667,1.7333333333333336,0.0,-113894.40241097771
3.366666666666667,1.7333333333333336,0.1,-126736.26889090112
3.366666666666667,1.7333333333333336,0.2,-139578.13537082446
3.366666666666667,1.7333333333333336,0.30000000000000004,-152420.00185074782
3.366666666666667,1.7333333333333336,0.4,-165261.86833067122
3.366666666666667,1.7333333333333336,0.5,-178103.73481059461
3.366666666666667,1.7333333333333336,0.6000000000000001,-190945.60129051798
3.366666666666667,1.7333333333333336,0.7000000000000001,-203787.46777044132
3.366666666666667,1.7333333333333336,0.8,-216629.3342503647
3.366666666666667,1.7333333333333336,0.9,-229471.20073028808
3.366666666666667,1.7333333333333336,1.0,-242313.06721021148
3.366666666666667,2.277777777777778,0.0,-67339.03938030805
3.366666666666667,2.277777777777778,0.1,-80180.90586023143
3.366666666666667,2.277777777777778,0.2,-93022.77234015483
3.366666666666667,2.277777777777778,0.30000000000000004,-105864.63882007818
3.366666666666667,2.277777777777778,0.4,-118706.50530000156
3.366666666666667,2.277777777777778,0.5,-131548.37177992493
3.366666666666667,2.277777777777778,0.6000000000000001,-144390.23825984832
3.366666666666667,2.277777777777778,0.7000000000000001,-157232.10473977166
3.366666666666667,2.277777777777778,0.8,-170073.97121969506
3.366666666666667,2.277777777777778,0.9,-182915.83769961845
3.366666666666667,2.277777777777778,1.0,-195757.70417954182
3.366666666666667,2.8222222222222224,0.0,-20783.67634963842
3.366666666666667,2.8222222222222224,0.1,-33625.54282956179
3.366666666666667,2.8222222222222224,0.2,-46467.40930948516
3.366666666666667,2.8222222222222224,0.30000000000000004,-59309.27578940855
3.366666666666667,2.8222222222222224,0.4,-72151.14226933192
3.366666666666667,2.8222222222222224,0.5,-84993.0087492553
3.366666666666667,2.8222222222222224,0.6000000000000001,-97834.8752291787
3.366666666666667,2.8222222222222224,0.7000000000000001,-110676.74170910205
3.366666666666667,2.8222222222222224,0.8,-123518.60818902541
3.366666666666667,2.8222222222222224,0.9,-136360.4746689488
3.366666666666667,2.8222222222222224,1.0,-149202.34114887216
3.366666666666667,3.366666666666667,0.0,25771.686681031257
3.366666666666667,3.366666666666667,0.1,12929.82020110788
3.366666666666667,3.366666666666667,0.2,87.95372118450278
3.366666666666667,3.366666666666667,0.30000000000000004,-12753.912758738874
3.366666666666667,3.366666666666667,0.4,-25595.779238662246
3.366666666666667,3.366666666666667,0.5,-38437.64571858562
3.366666666666667,3.366666666666667,0.6000000000000001,-51279.512198509
3.366666666666667,3.366666666666667,0.7000000000000001,-64121.37867843238
3.366666666666667,3.366666666666667,0.8,-76963.24515835574
3.366666666666667,3.366666666666667,0.9,-89805.11163827912
3.366666666666667,3.366666666666667,1.0,-102646.97811820247
3.366666666666667,3.911111111111112,0.0,72327.0497117009
3.366666666666667,3.911111111111112,0.1,59485.183231777526
3.366666666666667,3.911111111111112,0.2,46643.316751854145
3.366666666666667,3.911111111111112,0.30000000000000004,33801.450271930786
3.366666666666667,3.911111111111112,0.4,20959.58379200741
3.366666666666667,3.911111111111112,0.5,8117.717312084039
3.366666666666667,3.911111111111112,0.6000000000000001,-4724.149167839348
3.366666666666667,3.911111111111112,0.7000000000000001,-17566.015647762717
3.366666666666667,3.911111111111112,0.8,-30407.882127686094
3.366666666666667,3.911111111111112,0.9,-43249.748607609465
3.366666666666667,3.911111111111112,1.0,-56091.61508753283
3.366666666666667,4.455555555555556,0.0,118882.41274237052
3.366666666666667,4.455555555555556,0.1,106040.54626244715
3.366666666666667,4.455555555555556,0.2,93198.67978252377
3.366666666666667,4.455555555555556,0.30000000000000004,80356.81330260039
3.366666666666667,4.455555555555556,0.4,67514.94682267703
3.366666666666667,4.455555555555556,0.5,54673.08034275365
3.366666666666667,4.455555555555556,0.6000000000000001,41831.213862830264
3.366666666666667,4.455555555555556,0.7000000000000001,28989.347382906893
3.366666666666667,4.455555555555556,0.8,16147.480902983523
3.366666666666667,4.455555555555556,0.9,3305.614423060149
3.366666666666667,4.455555555555556,1.0,-9536.252056863219
3.366666666666667,5.0,0.0,165437.77577304014
3.366666666666667,5.0,0.1,152595.90929311674
3.366666666666667,5.0,0.2,139754.04281319337
3.366666666666667,5.0,0.30000000000000004,126912.17633326998
3.366666666666667,5.0,0.4,114070.30985334661
3.366666666666667,5.0,0.5,101228.44337342323
3.366666666666667,5.0,0.6000000000000001,88386.57689349986
3.366666666666667,5.0,0.7000000000000001,75544.71041357648
3.366666666666667,5.0,0.8,62702.8439336531
3.366666666666667,5.0,0.9,49860.977453729734
3.366666666666667,5.0,1.0,37019.11097380637
3.911111111111112,0.1,0.0,-281719.32473323826
3.911111111111112,0.1,0.1,-294561.1912131616
3.911111111111112,0.1,0.2,-307403.057693085
3.911111111111112,0.1,0.30000000000000004,-320244.9241730084
3.911111111111112,0.1,0.4,-333086.7906529318
3.911111111111112,0.1,0.5,-345928.65713285515
3.911111111111112,0.1,0.6000000000000001,-358770.5236127786
3.911111111111112,0.1,0.7000000000000001,-371612.39009270194
3.911111111111112,0.1,0.8,-384454.25657262525
3.911111111111112,0.1,0.9,-397296.1230525486
3.911111111111112,0.1,1.0,-410137.98953247204
3.911111111111112,0.6444444444444445,0.0,-235163.96170256866
3.911111111111112,0.6444444444444445,0.1,-248005.82818249203
3.911111111111112,0.6444444444444445,0.2,-260847.69466241536
3.911111111111112,0.6444444444444445,0.30000000000000004,-273689.5611423388
3.911111111111112,0.6444444444444445,0.4,-286531.42762226216
3.911111111111112,0.6444444444444445,0.5,-299373.29410218546
3.911111111111112,0.6444444444444445,0.6000000000000001,-312215.16058210895
3.911111111111112,0.6444444444444445,0.7000000000000001,-325057.02706203226
3.911111111111112,0.6444444444444445,0.8,-337898.8935419556
3.911111111111112,0.6444444444444445,0.9,-350740.760021879
3.911111111111112,0.6444444444444445,1.0,-363582.62650180236
3.911111111111112,1.188888888888889,0.0,-188608.59867189894
3.911111111111112,1.188888888888889,0.1,-201450.46515182234
3.911111111111112,1.188888888888889,0.2,-214292.33163174574
3.911111111111112,1.188888888888889,0.30000000000000004,-227134.1981116691
3.911111111111112,1.188888888888889,0.4,-239976.06459159247
3.911111111111112,1.188888888888889,0.5,-252817.9310715158
3.911111111111112,1.188888888888889,0.6000000000000001,-265659.79755143926
3.911111111111112,1.188888888888889,0.7000000000000001,-278501.6640313626
3.911111111111112,1.188888888888889,0.8,-291343.530511286
3.911111111111112,1.188888888888889,0.9,-304185.39699120936
3.911111111111112,1.188888888888889,1.0,-317027.26347113267
3.911111111111112,1.7333333333333336,0.0,-142053.23564122932
3.911111111111112,1.7333333333333336,0.1,-154895.10212115274
3.911111111111112,1.7333333333333336,0.2,-167736.96860107605
3.911111111111112,1.7333333333333336,0.30000000000000004,-180578.83508099944
3.911111111111112,1.7333333333333336,0.4,-193420.70156092284
3.911111111111112,1.7333333333333336,0.5,-206262.56804084618
3.911111111111112,1.7333333333333336,0.6000000000000001,-219104.43452076957
3.911111111111112,1.7333333333333336,0.7000000000000001,-231946.30100069297
3.911111111111112,1.7333333333333336,0.8,-244788.16748061636
3.911111111111112,1.7333333333333336,0.9,-257630.0339605397
3.911111111111112,1.7333333333333336,1.0,-270471.9004404631
3.911111111111112,2.277777777777778,0.0,-95497.87261055967
3.911111111111112,2.277777777777778,0.1,-108339.73909048305
3.911111111111112,2.277777777777778,0.2,-121181.60557040642
3.911111111111112,2.277777777777778,0.30000000000000004,-134023.4720503298
3.911111111111112,2.277777777777778,0.4,-146865.33853025318
3.911111111111112,2.277777777777778,0.5,-159707.20501017655
3.911111111111112,2.277777777777778,0.6000000000000001,-172549.07149009994
3.911111111111112,2.277777777777778,0.7000000000000001,-185390.93797002328
3.911111111111112,2.277777777777778,0.8,-198232.80444994668
3.911111111111112,2.277777777777778,0.9,-211074.67092987004
3.911111111111112,2.277777777777778,1.0,-223916.5374097934
3.911111111111112,2.8222222222222224,0.0,-48942.50957989003
3.911111111111112,2.8222222222222224,0.1,-61784.3760598134
3.911111111111112,2.8222222222222224,0.2,-74626.24253973678
3.911111111111112,2.8222222222222224,0.30000000000000004,-87468.10901966016
3.911111111111112,2.8222222222222224,0.4,-100309.97549958354
3.911111111111112,2.8222222222222224,0.5,-113151.8419795069
3.911111111111112,2.8222222222222224,0.6000000000000001,-125993.70845943029
3.911111111111112,2.8222222222222224,0.7000000000000001,-138835.57493935368
3.911111111111112,2.8222222222222224,0.8,-151677.44141927702
3.911111111111112,2.8222222222222224,0.9,-164519.30789920042
3.911111111111112,2.8222222222222224,1.0,-177361.17437912378
3.911111111111112,3.366666666666667,0.0,-2387.146549220356
3.911111111111112,3.366666666666667,0.1,-15229.013029143733
3.911111111111112,3.366666666666667,0.2,-28070.87950906711
3.911111111111112,3.366666666666667,0.30000000000000004,-40912.745988990486
3.911111111111112,3.366666666666667,0.4,-53754.61246891385
3.911111111111112,3.366666666666667,0.5,-66596.47894883725
3.911111111111112,3.366666666666667,0.6000000000000001,-79438.3454287606
3.911111111111112,3.366666666666667,0.7000000000000001,-92280.21190868398
3.911111111111112,3.366666666666667,0.8,-105122.07838860738
3.911111111111112,3.366666666666667,0.9,-117963.94486853074
3.911111111111112,3.366666666666667,1.0,-130805.8113484541
3.911111111111112,3.911111111111112,0.0,44168.21648144929
3.911111111111112,3.911111111111112,0.1,31326.350001525927
3.911111111111112,3.911111111111112,0.2,18484.48352160255
3.911111111111112,3.911111111111112,0.30000000000000004,5642.61704167917
3.911111111111112,3.911111111111112,0.4,-7199.249438244202
3.911111111111112,3.911111111111112,0.5,-20041.11591816757
3.911111111111112,3.911111111111112,0.6000000000000001,-32882.98239809096
3.911111111111112,3.911111111111112,0.7000000000000001,-45724.84887801433
3.911111111111112,3.911111111111112,0.8,-58566.715357937705
3.911111111111112,3.911111111111112,0.9,-71408.58183786109
3.911111111111112,3.911111111111112,1.0,-84250.44831778444
3.911111111111112,4.455555555555556,0.0,90723.57951211891
3.911111111111112,4.455555555555556,0.1,77881.71303219553
3.911111111111112,4.455555555555556,0.2,65039.846552272174
3.911111111111112,4.455555555555556,0.30000000000000004,52197.980072348786
3.911111111111112,4.455555555555556,0.4,39356.113592425405
3.911111111111112,4.455555555555556,0.5,26514.247112502042
3.911111111111112,4.455555555555556,0.6000000000000001,13672.380632578659
3.911111111111112,4.455555555555556,0.7000000000000001,830.5141526552842
3.911111111111112,4.455555555555556,0.8,-12011.352327268087
3.911111111111112,4.455555555555556,0.9,-24853.218807191457
3.911111111111112,4.455555555555556,1.0,-37695.08528711482
3.911111111111112,5.0,0.0,137278.94254278849
3.911111111111112,5.0,0.1,124437.07606286513
3.911111111111112,5.0,0.2,111595.20958294174
3.911111111111112,5.0,0.30000000000000004,98753.34310301837
3.911111111111112,5.0,0.4,85911.47662309499
3.911111111111112,5.0,0.5,73069.61014317162
3.911111111111112,5.0,0.6000000000000001,60227.74366324824
3.911111111111112,5.0,0.7000000000000001,47385.87718332487
3.911111111111112,5.0,0.8,34544.0107034015
3.911111111111112,5.0,0.9,21702.144223478124
3.911111111111112,5.0,1.0,8860.277743554756
4.455555555555556,0.1,0.0,-309878.15796348976
4.455555555555556,0.1,0.1,-322720.0244434132
4.455555555555556,0.1,0.2,-335561.89092333656
4.455555555555556,0.1,0.30000000000000004,-348403.75740326
4.455555555555556,0.1,0.4,-361245.62388318335
4.455555555555556,0.1,0.5,-374087.49036310666
4.455555555555556,0.1,0.6000000000000001,-386929.35684303
4.455555555555556,0.1,0.7000000000000001,-399771.22332295345
4.455555555555556,0.1,0.8,-412613.0898028768
4.455555555555556,0.1,0.9,-425454.95628280024
4.455555555555556,0.1,1.0,-438296.8227627236
4.455555555555556,0.6444444444444445,0.0,-263322.7949328202
4.455555555555556,0.6444444444444445,0.1,-276164.66141274356
4.455555555555556,0.6444444444444445,0.2,-289006.5278926669
4.455555555555556,0.6444444444444445,0.30000000000000004,-301848.3943725903
4.455555555555556,0.6444444444444445,0.4,-314690.2608525137
4.455555555555556,0.6444444444444445,0.5,-327532.127332437
4.455555555555556,0.6444444444444445,0.6000000000000001,-340373.99381236034
4.455555555555556,0.6444444444444445,0.7000000000000001,-353215.86029228376
4.455555555555556,0.6444444444444445,0.8,-366057.7267722071
4.455555555555556,0.6444444444444445,0.9,-378899.59325213055
4.455555555555556,0.6444444444444445,1.0,-391741.4597320539
4.455555555555556,1.188888888888889,0.0,-216767.4319021505
4.455555555555556,1.188888888888889,0.1,-229609.29838207387
4.455555555555556,1.188888888888889,0.2,-242451.16486199727
4.455555555555556,1.188888888888889,0.30000000000000004,-255293.03134192064
4.455555555555556,1.188888888888889,0.4,-268134.897821844
4.455555555555556,1.188888888888889,0.5,-280976.76430176734
4.455555555555556,1.188888888888889,0.6000000000000001,-293818.63078169076
4.455555555555556,1.188888888888889,0.7000000000000001,-306660.4972616141
4.455555555555556,1.188888888888889,0.8,-319502.36374153756
4.455555555555556,1.188888888888889,0.9,-332344.2302214609
4.455555555555556,1.188888888888889,1.0,-345186.09670138423
4.455555555555556,1.7333333333333336,0.0,-170212.06887148085
4.455555555555556,1.7333333333333336,0.1,-183053.93535140425
4.455555555555556,1.7333333333333336,0.2,-195895.80183132758
4.455555555555556,1.7333333333333336,0.30000000000000004,-208737.66831125098
4.455555555555556,1.7333333333333336,0.4,-221579.53479117434
4.455555555555556,1.7333333333333336,0.5,-234421.40127109774
4.455555555555556,1.7333333333333336,0.6000000000000001,-247263.26775102114
4.455555555555556,1.7333333333333336,0.7000000000000001,-260105.13423094447
4.455555555555556,1.7333333333333336,0.8,-272947.00071086787
4.455555555555556,1.7333333333333336,0.9,-285788.86719079124
4.455555555555556,1.7333333333333336,1.0,-298630.7336707146
4.455555555555556,2.277777777777778,0.0,-123656.7058408112
4.455555555555556,2.277777777777778,0.1,-136498.5723207346
4.455555555555556,2.277777777777778,0.2,-149340.43880065792
4.455555555555556,2.277777777777778,0.30000000000000004,-162182.30528058132
4.455555555555556,2.277777777777778,0.4,-175024.1717605047
4.455555555555556,2.277777777777778,0.5,-187866.03824042802
4.455555555555556,2.277777777777778,0.6000000000000001,-200707.90472035148
4.455555555555556,2.277777777777778,0.7000000000000001,-213549.77120027487
4.455555555555556,2.277777777777778,0.8,-226391.63768019818
4.455555555555556,2.277777777777778,0.9,-239233.50416012155
4.455555555555556,2.277777777777778,1.0,-252075.37064004494
4.455555555555556,2.8222222222222224,0.0,-77101.34281014155
4.455555555555556,2.8222222222222224,0.1,-89943.20929006491
4.455555555555556,2.8222222222222224,0.2,-102785.0757699883
4.455555555555556,2.8222222222222224,0.30000000000000004,-115626.94224991168
4.455555555555556,2.8222222222222224,0.4,-128468.80872983506
4.455555555555556,2.8222222222222224,0.5,-141310.67520975842
4.455555555555556,2.8222222222222224,0.6000000000000001,-154152.54168968182
4.455555555555556,2.8222222222222224,0.7000000000000001,-166994.4081696052
4.455555555555556,2.8222222222222224,0.8,-179836.27464952855
4.455555555555556,2.8222222222222224,0.9,-192678.14112945192
4.455555555555556,2.8222222222222224,1.0,-205520.00760937532
4.455555555555556,3.366666666666667,0.0,-30545.97977947188
4.455555555555556,3.366666666666667,0.1,-43387.84625939525
4.455555555555556,3.366666666666667,0.2,-56229.712739318624
4.455555555555556,3.366666666666667,0.30000000000000004,-69071.579219242
4.455555555555556,3.366666666666667,0.4,-81913.4456991654
4.455555555555556,3.366666666666667,0.5,-94755.31217908875
4.455555555555556,3.366666666666667,0.6000000000000001,-107597.17865901213
4.455555555555556,3.366666666666667,0.7000000000000001,-120439.04513893551
4.455555555555556,3.366666666666667,0.8,-133280.9116188589
4.455555555555556,3.366666666666667,0.9,-146122.77809878223
4.455555555555556,3.366666666666667,1.0,-158964.64457870563
4.455555555555556,3.911111111111112,0.0,16009.383251197778
4.455555555555556,3.911111111111112,0.1,3167.516771274404
4.455555555555556,3.911111111111112,0.2,-9674.349708648972
4.455555555555556,3.911111111111112,0.30000000000000004,-22516.21618857235
4.455555555555556,3.911111111111112,0.4,-35358.08266849573
4.455555555555556,3.911111111111112,0.5,-48199.949148419095
4.455555555555556,3.911111111111112,0.6000000000000001,-61041.81562834248
4.455555555555556,3.911111111111112,0.7000000000000001,-73883.68210826586
4.455555555555556,3.911111111111112,0.8,-86725.54858818922
4.455555555555556,3.911111111111112,0.9,-99567.41506811259
4.455555555555556,3.911111111111112,1.0,-112409.28154803596
4.455555555555556,4.455555555555556,0.0,62564.746281867396
4.455555555555556,4.455555555555556,0.1,49722.87980194402
4.455555555555556,4.455555555555556,0.2,36881.01332202065
4.455555555555556,4.455555555555556,0.30000000000000004,24039.146842097267
4.455555555555556,4.455555555555556,0.4,11197.280362173891
4.455555555555556,4.455555555555556,0.5,-1644.586117749478
4.455555555555556,4.455555555555556,0.6000000000000001,-14486.452597672866
4.455555555555556,4.455555555555556,0.7000000000000001,-27328.31907759624
4.455555555555556,4.455555555555556,0.8,-40170.18555751961
4.455555555555556,4.455555555555556,0.9,-53012.052037442976
4.455555555555556,4.455555555555556,1.0,-65853.91851736636
4.455555555555556,5.0,0.0,109120.10931253698
4.455555555555556,5.0,0.1,96278.2428326136
4.455555555555556,5.0,0.2,83436.37635269025
4.455555555555556,5.0,0.30000000000000004,70594.50987276685
4.455555555555556,5.0,0.4,57752.64339284347
4.455555555555556,5.0,0.5,44910.77691292011
4.455555555555556,5.0,0.6000000000000001,32068.910432996712
4.455555555555556,5.0,0.7000000000000001,19227.043953073342
4.455555555555556,5.0,0.8,6385.177473149974
4.455555555555556,5.0,0.9,-6456.689006773394
4.455555555555556,5.0,1.0,-19298.55548669677
5.0,0.1,0.0,-338036.9911937415
5.0,0.1,0.1,-350878.85767366487
5.0,0.1,0.2,-363720.72415358823
5.0,0.1,0.30000000000000004,-376562.5906335116
5.0,0.1,0.4,-389404.457113435
5.0,0.1,0.5,-402246.32359335833
5.0,0.1,0.6000000000000001,-415088.1900732817
5.0,0.1,0.7000000000000001,-427930.05655320507
5.0,0.1,0.8,-440771.92303312843
5.0,0.1,0.9,-453613.78951305186
5.0,0.1,1.0,-466455.65599297517
5.0,0.6444444444444445,0.0,-291481.6281630718
5.0,0.6444444444444445,0.1,-304323.49464299524
5.0,0.6444444444444445,0.2,-317165.3611229186
5.0,0.6444444444444445,0.30000000000000004,-330007.22760284186
5.0,0.6444444444444445,0.4,-342849.09408276534
5.0,0.6444444444444445,0.5,-355690.96056268865
5.0,0.6444444444444445,0.6000000000000001,-368532.8270426121
5.0,0.6444444444444445,0.7000000000000001,-381374.69352253544
5.0,0.6444444444444445,0.8,-394216.56000245886
5.0,0.6444444444444445,0.9,-407058.4264823821
5.0,0.6444444444444445,1.0,-419900.29296230554
5.0,1.188888888888889,0.0,-244926.26513240216
5.0,1.188888888888889,0.1,-257768.1316123255
5.0,1.188888888888889,0.2,-270609.9980922489
5.0,1.188888888888889,0.30000000000000004,-283451.8645721723
5.0,1.188888888888889,0.4,-296293.73105209565
5.0,1.188888888888889,0.5,-309135.59753201896
5.0,1.188888888888889,0.6000000000000001,-321977.4640119424
5.0,1.188888888888889,0.7000000000000001,-334819.33049186575
5.0,1.188888888888889,0.8,-347661.1969717892
5.0,1.188888888888889,0.9,-360503.0634517125
5.0,1.188888888888889,1.0,-373344.9299316359
5.0,1.7333333333333336,0.0,-198370.9021017325
5.0,1.7333333333333336,0.1,-211212.76858165587
5.0,1.7333333333333336,0.2,-224054.63506157923
5.0,1.7333333333333336,0.30000000000000004,-236896.50154150263
5.0,1.7333333333333336,0.4,-249738.36802142602
5.0,1.7333333333333336,0.5,-262580.2345013494
5.0,1.7333333333333336,0.6000000000000001,-275422.10098127276
5.0,1.7333333333333336,0.7000000000000001,-288263.9674611961
5.0,1.7333333333333336,0.8,-301105.8339411195
5.0,1.7333333333333336,0.9,-313947.7004210429
5.0,1.7333333333333336,1.0,-326789.5669009662
5.0,2.277777777777778,0.0,-151815.53907106287
5.0,2.277777777777778,0.1,-164657.40555098624
5.0,2.277777777777778,0.2,-177499.2720309096
5.0,2.277777777777778,0.30000000000000004,-190341.13851083297
5.0,2.277777777777778,0.4,-203183.0049907563
5.0,2.277777777777778,0.5,-216024.8714706797
5.0,2.277777777777778,0.6000000000000001,-228866.7379506031
5.0,2.277777777777778,0.7000000000000001,-241708.6044305265
5.0,2.277777777777778,0.8,-254550.47091044983
5.0,2.277777777777778,0.9,-267392.3373903732
5.0,2.277777777777778,1.0,-280234.2038702966
5.0,2.8222222222222224,0.0,-105260.17604039321
5.0,2.8222222222222224,0.1,-118102.04252031657
5.0,2.8222222222222224,0.2,-130943.90900023995
5.0,2.8222222222222224,0.30000000000000004,-143785.77548016334
5.0,2.8222222222222224,0.4,-156627.6419600867
5.0,2.8222222222222224,0.5,-169469.50844001007
5.0,2.8222222222222224,0.6000000000000001,-182311.37491993347
5.0,2.8222222222222224,0.7000000000000001,-195153.2413998568
5.0,2.8222222222222224,0.8,-207995.1078797802
5.0,2.8222222222222224,0.9,-220836.97435970357
5.0,2.8222222222222224,1.0,-233678.84083962694
5.0,3.366666666666667,0.0,-58704.813009723526
5.0,3.366666666666667,0.1,-71546.6794896469
5.0,3.366666666666667,0.2,-84388.54596957027
5.0,3.366666666666667,0.30000000000000004,-97230.41244949367
5.0,3.366666666666667,0.4,-110072.27892941704
5.0,3.366666666666667,0.5,-122914.1454093404
5.0,3.366666666666667,0.6000000000000001,-135756.01188926378
5.0,3.366666666666667,0.7000000000000001,-148597.87836918718
5.0,3.366666666666667,0.8,-161439.74484911055
5.0,3.366666666666667,0.9,-174281.6113290339
5.0,3.366666666666667,1.0,-187123.47780895728
5.0,3.911111111111112,0.0,-12149.449979053878
5.0,3.911111111111112,0.1,-24991.31645897725
5.0,3.911111111111112,0.2,-37833.18293890062
5.0,3.911111111111112,0.30000000000000004,-50675.04941882401
5.0,3.911111111111112,0.4,-63516.915898747364
5.0,3.911111111111112,0.5,-76358.78237867076
5.0,3.911111111111112,0.6000000000000001,-89200.64885859414
5.0,3.911111111111112,0.7000000000000001,-102042.5153385175
5.0,3.911111111111112,0.8,-114884.38181844087
5.0,3.911111111111112,0.9,-127726.24829836423
5.0,3.911111111111112,1.0,-140568.11477828762
5.0,4.455555555555556,0.0,34405.913051615746
5.0,4.455555555555556,0.1,21564.046571692365
5.0,4.455555555555556,0.2,8722.180091768989
5.0,4.455555555555556,0.30000000000000004,-4119.6863881543895
5.0,4.455555555555556,0.4,-16961.552868077757
5.0,4.455555555555556,0.5,-29803.41934800113
5.0,4.455555555555556,0.6000000000000001,-42645.28582792452
5.0,4.455555555555556,0.7000000000000001,-55487.152307847886
5.0,4.455555555555556,0.8,-68329.01878777126
5.0,4.455555555555556,0.9,-81170.88526769463
5.0,4.455555555555556,1.0,-94012.751747618
5.0,5.0,0.0,80961.27608228532
5.0,5.0,0.1,68119.40960236195
5.0,5.0,0.2,55277.543122438576
5.0,5.0,0.30000000000000004,42435.6766425152
5.0,5.0,0.4,29593.81016259182
5.0,5.0,0.5,16751.94368266845
5.0,5.0,0.6000000000000001,3910.077202745066
5.0,5.0,0.7000000000000001,-8931.789277178306
5.0,5.0,0.8,-21773.655757101682
5.0,5.0,0.9,-34615.52223702505
5.0,5.0,1.0,-47457.38871694842
